2026-09-29T13:00:00.000000Z 00O [0KRunning with gitlab-runner 19.3.1 (5a2c8f3e)[0;m
2026-09-29T13:00:00.007919Z 00O [0K  on fake-runner-07 Zx81kQe2W, system ID: s_7c1e0d9a2b44[0;m
2026-09-29T13:00:00.015838Z 00O section_start:1759150200:prepare_executor[0K[0K[36;1mPreparing the "docker" executor[0;m[0;m
2026-09-29T13:00:00.023757Z 00O [0KUsing Docker executor with image python:3.12-slim ...[0;m
2026-09-29T13:00:00.031676Z 00O [0KPulling docker image python:3.12-slim ...[0;m
2026-09-29T13:00:01.039595Z 00O [0KUsing docker image sha256:4c6d1f0e2a for python:3.12-slim with digest python@sha256:8e2a91 ...[0;m
2026-09-29T13:00:01.047514Z 00O section_end:1759150204:prepare_executor[0K
2026-09-29T13:00:01.055433Z 00O section_start:1759150204:prepare_script[0K[0K[36;1mPreparing environment[0;m[0;m
2026-09-29T13:00:01.063352Z 00O Running on runner-zx81kqe2w-project-512-concurrent-0 via fake-runner-03...
2026-09-29T13:00:01.071271Z 00O section_end:1759150205:prepare_script[0K
2026-09-29T13:00:02.079190Z 00O section_start:1759150205:get_sources[0K[0K[36;1mGetting source from Git repository[0;m[0;m
2026-09-29T13:00:02.087109Z 00O [32;1mFetching changes with git depth set to 20...[0;m
2026-09-29T13:00:02.095028Z 00O Initialized empty Git repository in /builds/platform/invoice-api/.git/
2026-09-29T13:00:02.102947Z 00O [32;1mCreated fresh repository.[0;m
2026-09-29T13:00:02.110866Z 00O [32;1mChecking out c0ffee12 as detached HEAD (ref is chore/frontend-deps)...[0;m
2026-09-29T13:00:03.118785Z 00O 
2026-09-29T13:00:03.126704Z 00O [32;1mSkipping Git submodules setup[0;m
2026-09-29T13:00:03.134623Z 00O section_end:1759150207:get_sources[0K
2026-09-29T13:00:03.142542Z 00O section_start:1759150207:step_script[0K[0K[36;1mExecuting "step_script" stage of the job script[0;m[0;m
2026-09-29T13:00:03.150461Z 00O [0KUsing docker image sha256:4c6d1f0e2a for python:3.12-slim with digest python@sha256:8e2a91 ...[0;m
2026-09-29T13:00:04.158380Z 00O [32;1m$ env | sort[0;m
2026-09-29T13:00:04.166299Z 00O AWS_ACCESS_KEY_ID=ASIAFAKEDEMO0NLY4XYZ
2026-09-29T13:00:04.174218Z 00O AWS_DEFAULT_REGION=eu-west-1
2026-09-29T13:00:04.182137Z 00O AWS_SECRET_ACCESS_KEY=fAkEdEm0SeCrEt/0nLyF0rTeStInG+abcdEFGH1234
2026-09-29T13:00:04.190056Z 00O CI_JOB_ID=90303
2026-09-29T13:00:05.197975Z 00O CI_PIPELINE_ID=1866
2026-09-29T13:00:05.205894Z 00O CI_PROJECT_PATH=platform/invoice-api
2026-09-29T13:00:05.213813Z 00O CI_SERVER_HOST=gitlab.example-corp.test
2026-09-29T13:00:05.221732Z 00O [32;1m$ python -m pytest tests/integration -v -p no:cacheprovider[0;m
2026-09-29T13:00:05.229651Z 00O ============================= test session starts ==============================
2026-09-29T13:00:06.237570Z 00O platform linux -- Python 3.12.6, pytest-8.3.3, pluggy-1.5.0 -- /usr/local/bin/python
2026-09-29T13:00:06.245489Z 00O collecting ... collected 6400 items
2026-09-29T13:00:06.253408Z 00O 
2026-09-29T13:00:06Z 00O t00[000] ok
2026-09-29T13:00:06.269246Z 00O   DeprecationWarning: error_bad_lines is deprecated; use on_bad_lines instead
2026-09-29T13:00:07Z 00O t00[001] ok
2026-09-29T13:00:07Z 00O t00[002] ok
2026-09-29T13:00:07Z 00O t00[003] ok
2026-09-29T13:00:07Z 00O t00[004] ok
2026-09-29T13:00:07Z 00O t00[005] ok
2026-09-29T13:00:08Z 00O t00[006] ok
2026-09-29T13:00:08Z 00O t00[007] ok
2026-09-29T13:00:08Z 00O t00[008] ok
2026-09-29T13:00:08Z 00O t00[009] ok
2026-09-29T13:00:08Z 00O t00[010] ok
2026-09-29T13:00:09Z 00O t00[011] ok
2026-09-29T13:00:09Z 00O t00[012] ok
2026-09-29T13:00:09Z 00O t00[013] ok
2026-09-29T13:00:09Z 00O t00[014] ok
2026-09-29T13:00:09Z 00O t00[015] ok
2026-09-29T13:00:10Z 00O t00[016] ok
2026-09-29T13:00:10Z 00O t00[017] ok
2026-09-29T13:00:10Z 00O t00[018] ok
2026-09-29T13:00:10Z 00O t00[019] ok
2026-09-29T13:00:10Z 00O t00[020] ok
2026-09-29T13:00:11Z 00O t00[021] ok
2026-09-29T13:00:11Z 00O t00[022] ok
2026-09-29T13:00:11Z 00O t00[023] ok
2026-09-29T13:00:11Z 00O t00[024] ok
2026-09-29T13:00:11Z 00O t00[025] ok
2026-09-29T13:00:12Z 00O t00[026] ok
2026-09-29T13:00:12Z 00O t00[027] ok
2026-09-29T13:00:12Z 00O t00[028] ok
2026-09-29T13:00:12Z 00O t00[029] ok
2026-09-29T13:00:12Z 00O t00[030] ok
2026-09-29T13:00:13Z 00O t00[031] ok
2026-09-29T13:00:13Z 00O t00[032] ok
2026-09-29T13:00:13Z 00O t00[033] ok
2026-09-29T13:00:13Z 00O t00[034] ok
2026-09-29T13:00:13Z 00O t00[035] ok
2026-09-29T13:00:14Z 00O t00[036] ok
2026-09-29T13:00:14Z 00O t00[037] ok
2026-09-29T13:00:14Z 00O t00[038] ok
2026-09-29T13:00:14Z 00O t00[039] ok
2026-09-29T13:00:14Z 00O t00[040] ok
2026-09-29T13:00:15Z 00O t00[041] ok
2026-09-29T13:00:15Z 00O t00[042] ok
2026-09-29T13:00:15Z 00O t00[043] ok
2026-09-29T13:00:15Z 00O t00[044] ok
2026-09-29T13:00:15Z 00O t00[045] ok
2026-09-29T13:00:16Z 00O t00[046] ok
2026-09-29T13:00:16Z 00O t00[047] ok
2026-09-29T13:00:16Z 00O t00[048] ok
2026-09-29T13:00:16Z 00O t00[049] ok
2026-09-29T13:00:16Z 00O t00[050] ok
2026-09-29T13:00:17Z 00O t00[051] ok
2026-09-29T13:00:17Z 00O t00[052] ok
2026-09-29T13:00:17Z 00O t00[053] ok
2026-09-29T13:00:17Z 00O t00[054] ok
2026-09-29T13:00:17Z 00O t00[055] ok
2026-09-29T13:00:18Z 00O t00[056] ok
2026-09-29T13:00:18Z 00O t00[057] ok
2026-09-29T13:00:18Z 00O t00[058] ok
2026-09-29T13:00:18Z 00O t00[059] ok
2026-09-29T13:00:18Z 00O t00[060] ok
2026-09-29T13:00:19Z 00O t00[061] ok
2026-09-29T13:00:19Z 00O t00[062] ok
2026-09-29T13:00:19Z 00O t00[063] ok
2026-09-29T13:00:19Z 00O t00[064] ok
2026-09-29T13:00:19Z 00O t00[065] ok
2026-09-29T13:00:20Z 00O t00[066] ok
2026-09-29T13:00:20Z 00O t00[067] ok
2026-09-29T13:00:20Z 00O t00[068] ok
2026-09-29T13:00:20Z 00O t00[069] ok
2026-09-29T13:00:20Z 00O t00[070] ok
2026-09-29T13:00:21Z 00O t00[071] ok
2026-09-29T13:00:21Z 00O t00[072] ok
2026-09-29T13:00:21Z 00O t00[073] ok
2026-09-29T13:00:21Z 00O t00[074] ok
2026-09-29T13:00:21Z 00O t00[075] ok
2026-09-29T13:00:22Z 00O t00[076] ok
2026-09-29T13:00:22Z 00O t00[077] ok
2026-09-29T13:00:22Z 00O t00[078] ok
2026-09-29T13:00:22Z 00O t00[079] ok
2026-09-29T13:00:22Z 00O t00[080] ok
2026-09-29T13:00:23Z 00O t00[081] ok
2026-09-29T13:00:23Z 00O t00[082] ok
2026-09-29T13:00:23Z 00O t00[083] ok
2026-09-29T13:00:23Z 00O t00[084] ok
2026-09-29T13:00:23Z 00O t00[085] ok
2026-09-29T13:00:24Z 00O t00[086] ok
2026-09-29T13:00:24Z 00O t00[087] ok
2026-09-29T13:00:24Z 00O t00[088] ok
2026-09-29T13:00:24Z 00O t00[089] ok
2026-09-29T13:00:24Z 00O t00[090] ok
2026-09-29T13:00:25Z 00O t00[091] ok
2026-09-29T13:00:25Z 00O t00[092] ok
2026-09-29T13:00:25Z 00O t00[093] ok
2026-09-29T13:00:25Z 00O t00[094] ok
2026-09-29T13:00:25Z 00O t00[095] ok
2026-09-29T13:00:26Z 00O t00[096] ok
2026-09-29T13:00:26Z 00O t00[097] ok
2026-09-29T13:00:26Z 00O t00[098] ok
2026-09-29T13:00:26Z 00O t00[099] ok
2026-09-29T13:00:26Z 00O t00[100] ok
2026-09-29T13:00:27Z 00O t00[101] ok
2026-09-29T13:00:27Z 00O t00[102] ok
2026-09-29T13:00:27Z 00O t00[103] ok
2026-09-29T13:00:27Z 00O t00[104] ok
2026-09-29T13:00:27Z 00O t00[105] ok
2026-09-29T13:00:28Z 00O t00[106] ok
2026-09-29T13:00:28Z 00O t00[107] ok
2026-09-29T13:00:28Z 00O t00[108] ok
2026-09-29T13:00:28Z 00O t00[109] ok
2026-09-29T13:00:28Z 00O t00[110] ok
2026-09-29T13:00:29Z 00O t00[111] ok
2026-09-29T13:00:29Z 00O t00[112] ok
2026-09-29T13:00:29Z 00O t00[113] ok
2026-09-29T13:00:29Z 00O t00[114] ok
2026-09-29T13:00:29Z 00O t00[115] ok
2026-09-29T13:00:30Z 00O t00[116] ok
2026-09-29T13:00:30Z 00O t00[117] ok
2026-09-29T13:00:30Z 00O t00[118] ok
2026-09-29T13:00:30Z 00O t00[119] ok
2026-09-29T13:00:30Z 00O t00[120] ok
2026-09-29T13:00:31Z 00O t00[121] ok
2026-09-29T13:00:31Z 00O t00[122] ok
2026-09-29T13:00:31Z 00O t00[123] ok
2026-09-29T13:00:31Z 00O t00[124] ok
2026-09-29T13:00:31Z 00O t00[125] ok
2026-09-29T13:00:32Z 00O t00[126] ok
2026-09-29T13:00:32Z 00O t00[127] ok
2026-09-29T13:00:32Z 00O t00[128] ok
2026-09-29T13:00:32Z 00O t00[129] ok
2026-09-29T13:00:32Z 00O t00[130] ok
2026-09-29T13:00:33Z 00O t00[131] ok
2026-09-29T13:00:33Z 00O t00[132] ok
2026-09-29T13:00:33Z 00O t00[133] ok
2026-09-29T13:00:33Z 00O t00[134] ok
2026-09-29T13:00:33Z 00O t00[135] ok
2026-09-29T13:00:34Z 00O t00[136] ok
2026-09-29T13:00:34Z 00O t00[137] ok
2026-09-29T13:00:34Z 00O t00[138] ok
2026-09-29T13:00:34Z 00O t00[139] ok
2026-09-29T13:00:34Z 00O t00[140] ok
2026-09-29T13:00:35Z 00O t00[141] ok
2026-09-29T13:00:35Z 00O t00[142] ok
2026-09-29T13:00:35Z 00O t00[143] ok
2026-09-29T13:00:35Z 00O t00[144] ok
2026-09-29T13:00:35Z 00O t00[145] ok
2026-09-29T13:00:36Z 00O t00[146] ok
2026-09-29T13:00:36Z 00O t00[147] ok
2026-09-29T13:00:36Z 00O t00[148] ok
2026-09-29T13:00:36Z 00O t00[149] ok
2026-09-29T13:00:36Z 00O t00[150] ok
2026-09-29T13:00:37Z 00O t00[151] ok
2026-09-29T13:00:37Z 00O t00[152] ok
2026-09-29T13:00:37Z 00O t00[153] ok
2026-09-29T13:00:37Z 00O t00[154] ok
2026-09-29T13:00:37Z 00O t00[155] ok
2026-09-29T13:00:38Z 00O t00[156] ok
2026-09-29T13:00:38Z 00O t00[157] ok
2026-09-29T13:00:38Z 00O t00[158] ok
2026-09-29T13:00:38Z 00O t00[159] ok
2026-09-29T13:00:38Z 00O t00[160] ok
2026-09-29T13:00:39Z 00O t00[161] ok
2026-09-29T13:00:39Z 00O t00[162] ok
2026-09-29T13:00:39Z 00O t00[163] ok
2026-09-29T13:00:39Z 00O t00[164] ok
2026-09-29T13:00:39Z 00O t00[165] ok
2026-09-29T13:00:40Z 00O t00[166] ok
2026-09-29T13:00:40Z 00O t00[167] ok
2026-09-29T13:00:40Z 00O t00[168] ok
2026-09-29T13:00:40Z 00O t00[169] ok
2026-09-29T13:00:40Z 00O t00[170] ok
2026-09-29T13:00:41Z 00O t00[171] ok
2026-09-29T13:00:41Z 00O t00[172] ok
2026-09-29T13:00:41Z 00O t00[173] ok
2026-09-29T13:00:41Z 00O t00[174] ok
2026-09-29T13:00:41Z 00O t00[175] ok
2026-09-29T13:00:42Z 00O t00[176] ok
2026-09-29T13:00:42Z 00O t00[177] ok
2026-09-29T13:00:42Z 00O t00[178] ok
2026-09-29T13:00:42Z 00O t00[179] ok
2026-09-29T13:00:42Z 00O t00[180] ok
2026-09-29T13:00:43Z 00O t00[181] ok
2026-09-29T13:00:43Z 00O t00[182] ok
2026-09-29T13:00:43Z 00O t00[183] ok
2026-09-29T13:00:43Z 00O t00[184] ok
2026-09-29T13:00:43Z 00O t00[185] ok
2026-09-29T13:00:44Z 00O t00[186] ok
2026-09-29T13:00:44Z 00O t00[187] ok
2026-09-29T13:00:44Z 00O t00[188] ok
2026-09-29T13:00:44Z 00O t00[189] ok
2026-09-29T13:00:44Z 00O t00[190] ok
2026-09-29T13:00:45Z 00O t00[191] ok
2026-09-29T13:00:45Z 00O t00[192] ok
2026-09-29T13:00:45Z 00O t00[193] ok
2026-09-29T13:00:45Z 00O t00[194] ok
2026-09-29T13:00:45Z 00O t00[195] ok
2026-09-29T13:00:46Z 00O t00[196] ok
2026-09-29T13:00:46Z 00O t00[197] ok
2026-09-29T13:00:46Z 00O t00[198] ok
2026-09-29T13:00:46Z 00O t00[199] ok
2026-09-29T13:00:46Z 00O t01[000] ok
2026-09-29T13:00:47Z 00O t01[001] ok
2026-09-29T13:00:47Z 00O t01[002] ok
2026-09-29T13:00:47Z 00O t01[003] ok
2026-09-29T13:00:47Z 00O t01[004] ok
2026-09-29T13:00:47Z 00O t01[005] ok
2026-09-29T13:00:48Z 00O t01[006] ok
2026-09-29T13:00:48Z 00O t01[007] ok
2026-09-29T13:00:48Z 00O t01[008] ok
2026-09-29T13:00:48Z 00O t01[009] ok
2026-09-29T13:00:48Z 00O t01[010] ok
2026-09-29T13:00:49Z 00O t01[011] ok
2026-09-29T13:00:49Z 00O t01[012] ok
2026-09-29T13:00:49Z 00O t01[013] ok
2026-09-29T13:00:49Z 00O t01[014] ok
2026-09-29T13:00:49Z 00O t01[015] ok
2026-09-29T13:00:50Z 00O t01[016] ok
2026-09-29T13:00:50Z 00O t01[017] ok
2026-09-29T13:00:50Z 00O t01[018] ok
2026-09-29T13:00:50Z 00O t01[019] ok
2026-09-29T13:00:50Z 00O t01[020] ok
2026-09-29T13:00:51Z 00O t01[021] ok
2026-09-29T13:00:51Z 00O t01[022] ok
2026-09-29T13:00:51Z 00O t01[023] ok
2026-09-29T13:00:51Z 00O t01[024] ok
2026-09-29T13:00:51Z 00O t01[025] ok
2026-09-29T13:00:52Z 00O t01[026] ok
2026-09-29T13:00:52Z 00O t01[027] ok
2026-09-29T13:00:52Z 00O t01[028] ok
2026-09-29T13:00:52Z 00O t01[029] ok
2026-09-29T13:00:52Z 00O t01[030] ok
2026-09-29T13:00:53Z 00O t01[031] ok
2026-09-29T13:00:53Z 00O t01[032] ok
2026-09-29T13:00:53Z 00O t01[033] ok
2026-09-29T13:00:53Z 00O t01[034] ok
2026-09-29T13:00:53Z 00O t01[035] ok
2026-09-29T13:00:54Z 00O t01[036] ok
2026-09-29T13:00:54Z 00O t01[037] ok
2026-09-29T13:00:54Z 00O t01[038] ok
2026-09-29T13:00:54Z 00O t01[039] ok
2026-09-29T13:00:54Z 00O t01[040] ok
2026-09-29T13:00:55Z 00O t01[041] ok
2026-09-29T13:00:55Z 00O t01[042] ok
2026-09-29T13:00:55Z 00O t01[043] ok
2026-09-29T13:00:55Z 00O t01[044] ok
2026-09-29T13:00:55Z 00O t01[045] ok
2026-09-29T13:00:56Z 00O t01[046] ok
2026-09-29T13:00:56Z 00O t01[047] ok
2026-09-29T13:00:56Z 00O t01[048] ok
2026-09-29T13:00:56Z 00O t01[049] ok
2026-09-29T13:00:56Z 00O t01[050] ok
2026-09-29T13:00:57Z 00O t01[051] ok
2026-09-29T13:00:57Z 00O t01[052] ok
2026-09-29T13:00:57Z 00O t01[053] ok
2026-09-29T13:00:57Z 00O t01[054] ok
2026-09-29T13:00:57Z 00O t01[055] ok
2026-09-29T13:00:58Z 00O t01[056] ok
2026-09-29T13:00:58Z 00O t01[057] ok
2026-09-29T13:00:58Z 00O t01[058] ok
2026-09-29T13:00:58Z 00O t01[059] ok
2026-09-29T13:00:58Z 00O t01[060] ok
2026-09-29T13:00:59Z 00O t01[061] ok
2026-09-29T13:00:59Z 00O t01[062] ok
2026-09-29T13:00:59Z 00O t01[063] ok
2026-09-29T13:00:59Z 00O t01[064] ok
2026-09-29T13:00:59Z 00O t01[065] ok
2026-09-29T13:01:00Z 00O t01[066] ok
2026-09-29T13:01:00Z 00O t01[067] ok
2026-09-29T13:01:00Z 00O t01[068] ok
2026-09-29T13:01:00Z 00O t01[069] ok
2026-09-29T13:01:00Z 00O t01[070] ok
2026-09-29T13:01:01Z 00O t01[071] ok
2026-09-29T13:01:01Z 00O t01[072] ok
2026-09-29T13:01:01Z 00O t01[073] ok
2026-09-29T13:01:01Z 00O t01[074] ok
2026-09-29T13:01:01Z 00O t01[075] ok
2026-09-29T13:01:02Z 00O t01[076] ok
2026-09-29T13:01:02Z 00O t01[077] ok
2026-09-29T13:01:02Z 00O t01[078] ok
2026-09-29T13:01:02Z 00O t01[079] ok
2026-09-29T13:01:02Z 00O t01[080] ok
2026-09-29T13:01:03Z 00O t01[081] ok
2026-09-29T13:01:03Z 00O t01[082] ok
2026-09-29T13:01:03Z 00O t01[083] ok
2026-09-29T13:01:03Z 00O t01[084] ok
2026-09-29T13:01:03Z 00O t01[085] ok
2026-09-29T13:01:04Z 00O t01[086] ok
2026-09-29T13:01:04Z 00O t01[087] ok
2026-09-29T13:01:04Z 00O t01[088] ok
2026-09-29T13:01:04Z 00O t01[089] ok
2026-09-29T13:01:04Z 00O t01[090] ok
2026-09-29T13:01:05Z 00O t01[091] ok
2026-09-29T13:01:05Z 00O t01[092] ok
2026-09-29T13:01:05Z 00O t01[093] ok
2026-09-29T13:01:05Z 00O t01[094] ok
2026-09-29T13:01:05Z 00O t01[095] ok
2026-09-29T13:01:06Z 00O t01[096] ok
2026-09-29T13:01:06Z 00O t01[097] ok
2026-09-29T13:01:06Z 00O t01[098] ok
2026-09-29T13:01:06Z 00O t01[099] ok
2026-09-29T13:01:06Z 00O t01[100] ok
2026-09-29T13:01:07Z 00O t01[101] ok
2026-09-29T13:01:07Z 00O t01[102] ok
2026-09-29T13:01:07Z 00O t01[103] ok
2026-09-29T13:01:07Z 00O t01[104] ok
2026-09-29T13:01:07Z 00O t01[105] ok
2026-09-29T13:01:08Z 00O t01[106] ok
2026-09-29T13:01:08Z 00O t01[107] ok
2026-09-29T13:01:08Z 00O t01[108] ok
2026-09-29T13:01:08Z 00O t01[109] ok
2026-09-29T13:01:08Z 00O t01[110] ok
2026-09-29T13:01:09Z 00O t01[111] ok
2026-09-29T13:01:09Z 00O t01[112] ok
2026-09-29T13:01:09Z 00O t01[113] ok
2026-09-29T13:01:09Z 00O t01[114] ok
2026-09-29T13:01:09Z 00O t01[115] ok
2026-09-29T13:01:10Z 00O t01[116] ok
2026-09-29T13:01:10Z 00O t01[117] ok
2026-09-29T13:01:10Z 00O t01[118] ok
2026-09-29T13:01:10Z 00O t01[119] ok
2026-09-29T13:01:10Z 00O t01[120] ok
2026-09-29T13:01:11Z 00O t01[121] ok
2026-09-29T13:01:11Z 00O t01[122] ok
2026-09-29T13:01:11Z 00O t01[123] ok
2026-09-29T13:01:11Z 00O t01[124] ok
2026-09-29T13:01:11Z 00O t01[125] ok
2026-09-29T13:01:12Z 00O t01[126] ok
2026-09-29T13:01:12Z 00O t01[127] ok
2026-09-29T13:01:12Z 00O t01[128] ok
2026-09-29T13:01:12Z 00O t01[129] ok
2026-09-29T13:01:12Z 00O t01[130] ok
2026-09-29T13:01:13Z 00O t01[131] ok
2026-09-29T13:01:13Z 00O t01[132] ok
2026-09-29T13:01:13Z 00O t01[133] ok
2026-09-29T13:01:13Z 00O t01[134] ok
2026-09-29T13:01:13Z 00O t01[135] ok
2026-09-29T13:01:14Z 00O t01[136] ok
2026-09-29T13:01:14Z 00O t01[137] ok
2026-09-29T13:01:14Z 00O t01[138] ok
2026-09-29T13:01:14Z 00O t01[139] ok
2026-09-29T13:01:14Z 00O t01[140] ok
2026-09-29T13:01:15Z 00O t01[141] ok
2026-09-29T13:01:15Z 00O t01[142] ok
2026-09-29T13:01:15Z 00O t01[143] ok
2026-09-29T13:01:15Z 00O t01[144] ok
2026-09-29T13:01:15Z 00O t01[145] ok
2026-09-29T13:01:16Z 00O t01[146] ok
2026-09-29T13:01:16Z 00O t01[147] ok
2026-09-29T13:01:16Z 00O t01[148] ok
2026-09-29T13:01:16Z 00O t01[149] ok
2026-09-29T13:01:16Z 00O t01[150] ok
2026-09-29T13:01:17Z 00O t01[151] ok
2026-09-29T13:01:17Z 00O t01[152] ok
2026-09-29T13:01:17Z 00O t01[153] ok
2026-09-29T13:01:17Z 00O t01[154] ok
2026-09-29T13:01:17Z 00O t01[155] ok
2026-09-29T13:01:18Z 00O t01[156] ok
2026-09-29T13:01:18Z 00O t01[157] ok
2026-09-29T13:01:18Z 00O t01[158] ok
2026-09-29T13:01:18Z 00O t01[159] ok
2026-09-29T13:01:18Z 00O t01[160] ok
2026-09-29T13:01:19Z 00O t01[161] ok
2026-09-29T13:01:19Z 00O t01[162] ok
2026-09-29T13:01:19Z 00O t01[163] ok
2026-09-29T13:01:19Z 00O t01[164] ok
2026-09-29T13:01:19Z 00O t01[165] ok
2026-09-29T13:01:20Z 00O t01[166] ok
2026-09-29T13:01:20Z 00O t01[167] ok
2026-09-29T13:01:20Z 00O t01[168] ok
2026-09-29T13:01:20Z 00O t01[169] ok
2026-09-29T13:01:20Z 00O t01[170] ok
2026-09-29T13:01:21Z 00O t01[171] ok
2026-09-29T13:01:21Z 00O t01[172] ok
2026-09-29T13:01:21Z 00O t01[173] ok
2026-09-29T13:01:21Z 00O t01[174] ok
2026-09-29T13:01:21Z 00O t01[175] ok
2026-09-29T13:01:22Z 00O t01[176] ok
2026-09-29T13:01:22Z 00O t01[177] ok
2026-09-29T13:01:22Z 00O t01[178] ok
2026-09-29T13:01:22Z 00O t01[179] ok
2026-09-29T13:01:22Z 00O t01[180] ok
2026-09-29T13:01:23Z 00O t01[181] ok
2026-09-29T13:01:23Z 00O t01[182] ok
2026-09-29T13:01:23Z 00O t01[183] ok
2026-09-29T13:01:23Z 00O t01[184] ok
2026-09-29T13:01:23Z 00O t01[185] ok
2026-09-29T13:01:24Z 00O t01[186] ok
2026-09-29T13:01:24Z 00O t01[187] ok
2026-09-29T13:01:24Z 00O t01[188] ok
2026-09-29T13:01:24Z 00O t01[189] ok
2026-09-29T13:01:24Z 00O t01[190] ok
2026-09-29T13:01:25Z 00O t01[191] ok
2026-09-29T13:01:25Z 00O t01[192] ok
2026-09-29T13:01:25Z 00O t01[193] ok
2026-09-29T13:01:25Z 00O t01[194] ok
2026-09-29T13:01:25Z 00O t01[195] ok
2026-09-29T13:01:26Z 00O t01[196] ok
2026-09-29T13:01:26Z 00O t01[197] ok
2026-09-29T13:01:26Z 00O t01[198] ok
2026-09-29T13:01:26Z 00O t01[199] ok
2026-09-29T13:01:26Z 00O t02[000] ok
2026-09-29T13:01:27Z 00O t02[001] ok
2026-09-29T13:01:27Z 00O t02[002] ok
2026-09-29T13:01:27Z 00O t02[003] ok
2026-09-29T13:01:27Z 00O t02[004] ok
2026-09-29T13:01:27Z 00O t02[005] ok
2026-09-29T13:01:28Z 00O t02[006] ok
2026-09-29T13:01:28Z 00O t02[007] ok
2026-09-29T13:01:28Z 00O t02[008] ok
2026-09-29T13:01:28Z 00O t02[009] ok
2026-09-29T13:01:28Z 00O t02[010] ok
2026-09-29T13:01:29Z 00O t02[011] ok
2026-09-29T13:01:29Z 00O t02[012] ok
2026-09-29T13:01:29Z 00O t02[013] ok
2026-09-29T13:01:29Z 00O t02[014] ok
2026-09-29T13:01:29Z 00O t02[015] ok
2026-09-29T13:01:30Z 00O t02[016] ok
2026-09-29T13:01:30Z 00O t02[017] ok
2026-09-29T13:01:30Z 00O t02[018] ok
2026-09-29T13:01:30Z 00O t02[019] ok
2026-09-29T13:01:30Z 00O t02[020] ok
2026-09-29T13:01:31Z 00O t02[021] ok
2026-09-29T13:01:31Z 00O t02[022] ok
2026-09-29T13:01:31Z 00O t02[023] ok
2026-09-29T13:01:31Z 00O t02[024] ok
2026-09-29T13:01:31Z 00O t02[025] ok
2026-09-29T13:01:32Z 00O t02[026] ok
2026-09-29T13:01:32Z 00O t02[027] ok
2026-09-29T13:01:32Z 00O t02[028] ok
2026-09-29T13:01:32Z 00O t02[029] ok
2026-09-29T13:01:32Z 00O t02[030] ok
2026-09-29T13:01:33Z 00O t02[031] ok
2026-09-29T13:01:33Z 00O t02[032] ok
2026-09-29T13:01:33Z 00O t02[033] ok
2026-09-29T13:01:33Z 00O t02[034] ok
2026-09-29T13:01:33Z 00O t02[035] ok
2026-09-29T13:01:34Z 00O t02[036] ok
2026-09-29T13:01:34Z 00O t02[037] ok
2026-09-29T13:01:34Z 00O t02[038] ok
2026-09-29T13:01:34Z 00O t02[039] ok
2026-09-29T13:01:34Z 00O t02[040] ok
2026-09-29T13:01:35Z 00O t02[041] ok
2026-09-29T13:01:35Z 00O t02[042] ok
2026-09-29T13:01:35Z 00O t02[043] ok
2026-09-29T13:01:35Z 00O t02[044] ok
2026-09-29T13:01:35Z 00O t02[045] ok
2026-09-29T13:01:36Z 00O t02[046] ok
2026-09-29T13:01:36Z 00O t02[047] ok
2026-09-29T13:01:36Z 00O t02[048] ok
2026-09-29T13:01:36Z 00O t02[049] ok
2026-09-29T13:01:36Z 00O t02[050] ok
2026-09-29T13:01:37Z 00O t02[051] ok
2026-09-29T13:01:37Z 00O t02[052] ok
2026-09-29T13:01:37Z 00O t02[053] ok
2026-09-29T13:01:37Z 00O t02[054] ok
2026-09-29T13:01:37Z 00O t02[055] ok
2026-09-29T13:01:38Z 00O t02[056] ok
2026-09-29T13:01:38Z 00O t02[057] ok
2026-09-29T13:01:38Z 00O t02[058] ok
2026-09-29T13:01:38Z 00O t02[059] ok
2026-09-29T13:01:38Z 00O t02[060] ok
2026-09-29T13:01:39Z 00O t02[061] ok
2026-09-29T13:01:39Z 00O t02[062] ok
2026-09-29T13:01:39Z 00O t02[063] ok
2026-09-29T13:01:39Z 00O t02[064] ok
2026-09-29T13:01:39Z 00O t02[065] ok
2026-09-29T13:01:40Z 00O t02[066] ok
2026-09-29T13:01:40Z 00O t02[067] ok
2026-09-29T13:01:40Z 00O t02[068] ok
2026-09-29T13:01:40Z 00O t02[069] ok
2026-09-29T13:01:40Z 00O t02[070] ok
2026-09-29T13:01:41Z 00O t02[071] ok
2026-09-29T13:01:41Z 00O t02[072] ok
2026-09-29T13:01:41Z 00O t02[073] ok
2026-09-29T13:01:41Z 00O t02[074] ok
2026-09-29T13:01:41Z 00O t02[075] ok
2026-09-29T13:01:42Z 00O t02[076] ok
2026-09-29T13:01:42Z 00O t02[077] ok
2026-09-29T13:01:42Z 00O t02[078] ok
2026-09-29T13:01:42Z 00O t02[079] ok
2026-09-29T13:01:42Z 00O t02[080] ok
2026-09-29T13:01:43Z 00O t02[081] ok
2026-09-29T13:01:43Z 00O t02[082] ok
2026-09-29T13:01:43Z 00O t02[083] ok
2026-09-29T13:01:43Z 00O t02[084] ok
2026-09-29T13:01:43Z 00O t02[085] ok
2026-09-29T13:01:44Z 00O t02[086] ok
2026-09-29T13:01:44Z 00O t02[087] ok
2026-09-29T13:01:44Z 00O t02[088] ok
2026-09-29T13:01:44Z 00O t02[089] ok
2026-09-29T13:01:44Z 00O t02[090] ok
2026-09-29T13:01:45Z 00O t02[091] ok
2026-09-29T13:01:45Z 00O t02[092] ok
2026-09-29T13:01:45Z 00O t02[093] ok
2026-09-29T13:01:45Z 00O t02[094] ok
2026-09-29T13:01:45Z 00O t02[095] ok
2026-09-29T13:01:46Z 00O t02[096] ok
2026-09-29T13:01:46Z 00O t02[097] ok
2026-09-29T13:01:46Z 00O t02[098] ok
2026-09-29T13:01:46Z 00O t02[099] ok
2026-09-29T13:01:46Z 00O t02[100] ok
2026-09-29T13:01:47Z 00O t02[101] ok
2026-09-29T13:01:47Z 00O t02[102] ok
2026-09-29T13:01:47Z 00O t02[103] ok
2026-09-29T13:01:47Z 00O t02[104] ok
2026-09-29T13:01:47Z 00O t02[105] ok
2026-09-29T13:01:48Z 00O t02[106] ok
2026-09-29T13:01:48Z 00O t02[107] ok
2026-09-29T13:01:48Z 00O t02[108] ok
2026-09-29T13:01:48Z 00O t02[109] ok
2026-09-29T13:01:48Z 00O t02[110] ok
2026-09-29T13:01:49Z 00O t02[111] ok
2026-09-29T13:01:49Z 00O t02[112] ok
2026-09-29T13:01:49Z 00O t02[113] ok
2026-09-29T13:01:49Z 00O t02[114] ok
2026-09-29T13:01:49Z 00O t02[115] ok
2026-09-29T13:01:50Z 00O t02[116] ok
2026-09-29T13:01:50Z 00O t02[117] ok
2026-09-29T13:01:50Z 00O t02[118] ok
2026-09-29T13:01:50Z 00O t02[119] ok
2026-09-29T13:01:50Z 00O t02[120] ok
2026-09-29T13:01:51Z 00O t02[121] ok
2026-09-29T13:01:51Z 00O t02[122] ok
2026-09-29T13:01:51Z 00O t02[123] ok
2026-09-29T13:01:51Z 00O t02[124] ok
2026-09-29T13:01:51Z 00O t02[125] ok
2026-09-29T13:01:52Z 00O t02[126] ok
2026-09-29T13:01:52Z 00O t02[127] ok
2026-09-29T13:01:52Z 00O t02[128] ok
2026-09-29T13:01:52Z 00O t02[129] ok
2026-09-29T13:01:52Z 00O t02[130] ok
2026-09-29T13:01:53Z 00O t02[131] ok
2026-09-29T13:01:53Z 00O t02[132] ok
2026-09-29T13:01:53Z 00O t02[133] ok
2026-09-29T13:01:53Z 00O t02[134] ok
2026-09-29T13:01:53Z 00O t02[135] ok
2026-09-29T13:01:54Z 00O t02[136] ok
2026-09-29T13:01:54Z 00O t02[137] ok
2026-09-29T13:01:54Z 00O t02[138] ok
2026-09-29T13:01:54Z 00O t02[139] ok
2026-09-29T13:01:54Z 00O t02[140] ok
2026-09-29T13:01:55Z 00O t02[141] ok
2026-09-29T13:01:55Z 00O t02[142] ok
2026-09-29T13:01:55Z 00O t02[143] ok
2026-09-29T13:01:55Z 00O t02[144] ok
2026-09-29T13:01:55Z 00O t02[145] ok
2026-09-29T13:01:56Z 00O t02[146] ok
2026-09-29T13:01:56Z 00O t02[147] ok
2026-09-29T13:01:56Z 00O t02[148] ok
2026-09-29T13:01:56Z 00O t02[149] ok
2026-09-29T13:01:56Z 00O t02[150] ok
2026-09-29T13:01:57Z 00O t02[151] ok
2026-09-29T13:01:57Z 00O t02[152] ok
2026-09-29T13:01:57Z 00O t02[153] ok
2026-09-29T13:01:57Z 00O t02[154] ok
2026-09-29T13:01:57Z 00O t02[155] ok
2026-09-29T13:01:58Z 00O t02[156] ok
2026-09-29T13:01:58Z 00O t02[157] ok
2026-09-29T13:01:58Z 00O t02[158] ok
2026-09-29T13:01:58Z 00O t02[159] ok
2026-09-29T13:01:58Z 00O t02[160] ok
2026-09-29T13:01:59Z 00O t02[161] ok
2026-09-29T13:01:59Z 00O t02[162] ok
2026-09-29T13:01:59Z 00O t02[163] ok
2026-09-29T13:01:59Z 00O t02[164] ok
2026-09-29T13:01:59Z 00O t02[165] ok
2026-09-29T13:02:00Z 00O t02[166] ok
2026-09-29T13:02:00Z 00O t02[167] ok
2026-09-29T13:02:00Z 00O t02[168] ok
2026-09-29T13:02:00Z 00O t02[169] ok
2026-09-29T13:02:00Z 00O t02[170] ok
2026-09-29T13:02:01Z 00O t02[171] ok
2026-09-29T13:02:01Z 00O t02[172] ok
2026-09-29T13:02:01Z 00O t02[173] ok
2026-09-29T13:02:01Z 00O t02[174] ok
2026-09-29T13:02:01Z 00O t02[175] ok
2026-09-29T13:02:02Z 00O t02[176] ok
2026-09-29T13:02:02Z 00O t02[177] ok
2026-09-29T13:02:02Z 00O t02[178] ok
2026-09-29T13:02:02Z 00O t02[179] ok
2026-09-29T13:02:02Z 00O t02[180] ok
2026-09-29T13:02:03Z 00O t02[181] ok
2026-09-29T13:02:03Z 00O t02[182] ok
2026-09-29T13:02:03Z 00O t02[183] ok
2026-09-29T13:02:03Z 00O t02[184] ok
2026-09-29T13:02:03Z 00O t02[185] ok
2026-09-29T13:02:04Z 00O t02[186] ok
2026-09-29T13:02:04Z 00O t02[187] ok
2026-09-29T13:02:04Z 00O t02[188] ok
2026-09-29T13:02:04Z 00O t02[189] ok
2026-09-29T13:02:04Z 00O t02[190] ok
2026-09-29T13:02:05Z 00O t02[191] ok
2026-09-29T13:02:05Z 00O t02[192] ok
2026-09-29T13:02:05Z 00O t02[193] ok
2026-09-29T13:02:05Z 00O t02[194] ok
2026-09-29T13:02:05Z 00O t02[195] ok
2026-09-29T13:02:06Z 00O t02[196] ok
2026-09-29T13:02:06Z 00O t02[197] ok
2026-09-29T13:02:06Z 00O t02[198] ok
2026-09-29T13:02:06Z 00O t02[199] ok
2026-09-29T13:02:06Z 00O t03[000] ok
2026-09-29T13:02:07Z 00O t03[001] ok
2026-09-29T13:02:07Z 00O t03[002] ok
2026-09-29T13:02:07Z 00O t03[003] ok
2026-09-29T13:02:07Z 00O t03[004] ok
2026-09-29T13:02:07Z 00O t03[005] ok
2026-09-29T13:02:08Z 00O t03[006] ok
2026-09-29T13:02:08Z 00O t03[007] ok
2026-09-29T13:02:08Z 00O t03[008] ok
2026-09-29T13:02:08Z 00O t03[009] ok
2026-09-29T13:02:08Z 00O t03[010] ok
2026-09-29T13:02:09Z 00O t03[011] ok
2026-09-29T13:02:09Z 00O t03[012] ok
2026-09-29T13:02:09Z 00O t03[013] ok
2026-09-29T13:02:09Z 00O t03[014] ok
2026-09-29T13:02:09Z 00O t03[015] ok
2026-09-29T13:02:10Z 00O t03[016] ok
2026-09-29T13:02:10Z 00O t03[017] ok
2026-09-29T13:02:10Z 00O t03[018] ok
2026-09-29T13:02:10Z 00O t03[019] ok
2026-09-29T13:02:10Z 00O t03[020] ok
2026-09-29T13:02:11Z 00O t03[021] ok
2026-09-29T13:02:11Z 00O t03[022] ok
2026-09-29T13:02:11Z 00O t03[023] ok
2026-09-29T13:02:11Z 00O t03[024] ok
2026-09-29T13:02:11Z 00O t03[025] ok
2026-09-29T13:02:12Z 00O t03[026] ok
2026-09-29T13:02:12Z 00O t03[027] ok
2026-09-29T13:02:12Z 00O t03[028] ok
2026-09-29T13:02:12Z 00O t03[029] ok
2026-09-29T13:02:12Z 00O t03[030] ok
2026-09-29T13:02:13Z 00O t03[031] ok
2026-09-29T13:02:13Z 00O t03[032] ok
2026-09-29T13:02:13Z 00O t03[033] ok
2026-09-29T13:02:13Z 00O t03[034] ok
2026-09-29T13:02:13Z 00O t03[035] ok
2026-09-29T13:02:14Z 00O t03[036] ok
2026-09-29T13:02:14Z 00O t03[037] ok
2026-09-29T13:02:14Z 00O t03[038] ok
2026-09-29T13:02:14Z 00O t03[039] ok
2026-09-29T13:02:14Z 00O t03[040] ok
2026-09-29T13:02:15Z 00O t03[041] ok
2026-09-29T13:02:15Z 00O t03[042] ok
2026-09-29T13:02:15Z 00O t03[043] ok
2026-09-29T13:02:15Z 00O t03[044] ok
2026-09-29T13:02:15Z 00O t03[045] ok
2026-09-29T13:02:16Z 00O t03[046] ok
2026-09-29T13:02:16Z 00O t03[047] ok
2026-09-29T13:02:16Z 00O t03[048] ok
2026-09-29T13:02:16Z 00O t03[049] ok
2026-09-29T13:02:16Z 00O t03[050] ok
2026-09-29T13:02:17Z 00O t03[051] ok
2026-09-29T13:02:17Z 00O t03[052] ok
2026-09-29T13:02:17Z 00O t03[053] ok
2026-09-29T13:02:17Z 00O t03[054] ok
2026-09-29T13:02:17Z 00O t03[055] ok
2026-09-29T13:02:18Z 00O t03[056] ok
2026-09-29T13:02:18Z 00O t03[057] ok
2026-09-29T13:02:18Z 00O t03[058] ok
2026-09-29T13:02:18Z 00O t03[059] ok
2026-09-29T13:02:18Z 00O t03[060] ok
2026-09-29T13:02:19Z 00O t03[061] ok
2026-09-29T13:02:19Z 00O t03[062] ok
2026-09-29T13:02:19Z 00O t03[063] ok
2026-09-29T13:02:19Z 00O t03[064] ok
2026-09-29T13:02:19Z 00O t03[065] ok
2026-09-29T13:02:20Z 00O t03[066] ok
2026-09-29T13:02:20Z 00O t03[067] ok
2026-09-29T13:02:20Z 00O t03[068] ok
2026-09-29T13:02:20Z 00O t03[069] ok
2026-09-29T13:02:20Z 00O t03[070] ok
2026-09-29T13:02:21Z 00O t03[071] ok
2026-09-29T13:02:21Z 00O t03[072] ok
2026-09-29T13:02:21Z 00O t03[073] ok
2026-09-29T13:02:21Z 00O t03[074] ok
2026-09-29T13:02:21Z 00O t03[075] ok
2026-09-29T13:02:22Z 00O t03[076] ok
2026-09-29T13:02:22Z 00O t03[077] ok
2026-09-29T13:02:22Z 00O t03[078] ok
2026-09-29T13:02:22Z 00O t03[079] ok
2026-09-29T13:02:22Z 00O t03[080] ok
2026-09-29T13:02:23Z 00O t03[081] ok
2026-09-29T13:02:23Z 00O t03[082] ok
2026-09-29T13:02:23Z 00O t03[083] ok
2026-09-29T13:02:23Z 00O t03[084] ok
2026-09-29T13:02:23Z 00O t03[085] ok
2026-09-29T13:02:24Z 00O t03[086] ok
2026-09-29T13:02:24Z 00O t03[087] ok
2026-09-29T13:02:24Z 00O t03[088] ok
2026-09-29T13:02:24Z 00O t03[089] ok
2026-09-29T13:02:24Z 00O t03[090] ok
2026-09-29T13:02:25Z 00O t03[091] ok
2026-09-29T13:02:25Z 00O t03[092] ok
2026-09-29T13:02:25Z 00O t03[093] ok
2026-09-29T13:02:25Z 00O t03[094] ok
2026-09-29T13:02:25Z 00O t03[095] ok
2026-09-29T13:02:26Z 00O t03[096] ok
2026-09-29T13:02:26Z 00O t03[097] ok
2026-09-29T13:02:26Z 00O t03[098] ok
2026-09-29T13:02:26Z 00O t03[099] ok
2026-09-29T13:02:26Z 00O t03[100] ok
2026-09-29T13:02:27Z 00O t03[101] ok
2026-09-29T13:02:27Z 00O t03[102] ok
2026-09-29T13:02:27Z 00O t03[103] ok
2026-09-29T13:02:27Z 00O t03[104] ok
2026-09-29T13:02:27Z 00O t03[105] ok
2026-09-29T13:02:28Z 00O t03[106] ok
2026-09-29T13:02:28Z 00O t03[107] ok
2026-09-29T13:02:28Z 00O t03[108] ok
2026-09-29T13:02:28Z 00O t03[109] ok
2026-09-29T13:02:28Z 00O t03[110] ok
2026-09-29T13:02:29Z 00O t03[111] ok
2026-09-29T13:02:29Z 00O t03[112] ok
2026-09-29T13:02:29Z 00O t03[113] ok
2026-09-29T13:02:29Z 00O t03[114] ok
2026-09-29T13:02:29Z 00O t03[115] ok
2026-09-29T13:02:30Z 00O t03[116] ok
2026-09-29T13:02:30Z 00O t03[117] ok
2026-09-29T13:02:30Z 00O t03[118] ok
2026-09-29T13:02:30Z 00O t03[119] ok
2026-09-29T13:02:30Z 00O t03[120] ok
2026-09-29T13:02:31Z 00O t03[121] ok
2026-09-29T13:02:31Z 00O t03[122] ok
2026-09-29T13:02:31Z 00O t03[123] ok
2026-09-29T13:02:31Z 00O t03[124] ok
2026-09-29T13:02:31Z 00O t03[125] ok
2026-09-29T13:02:32Z 00O t03[126] ok
2026-09-29T13:02:32Z 00O t03[127] ok
2026-09-29T13:02:32Z 00O t03[128] ok
2026-09-29T13:02:32Z 00O t03[129] ok
2026-09-29T13:02:32Z 00O t03[130] ok
2026-09-29T13:02:33Z 00O t03[131] ok
2026-09-29T13:02:33Z 00O t03[132] ok
2026-09-29T13:02:33Z 00O t03[133] ok
2026-09-29T13:02:33Z 00O t03[134] ok
2026-09-29T13:02:33Z 00O t03[135] ok
2026-09-29T13:02:34Z 00O t03[136] ok
2026-09-29T13:02:34Z 00O t03[137] ok
2026-09-29T13:02:34Z 00O t03[138] ok
2026-09-29T13:02:34Z 00O t03[139] ok
2026-09-29T13:02:34Z 00O t03[140] ok
2026-09-29T13:02:35Z 00O t03[141] ok
2026-09-29T13:02:35Z 00O t03[142] ok
2026-09-29T13:02:35Z 00O t03[143] ok
2026-09-29T13:02:35Z 00O t03[144] ok
2026-09-29T13:02:35Z 00O t03[145] ok
2026-09-29T13:02:36Z 00O t03[146] ok
2026-09-29T13:02:36Z 00O t03[147] ok
2026-09-29T13:02:36Z 00O t03[148] ok
2026-09-29T13:02:36Z 00O t03[149] ok
2026-09-29T13:02:36Z 00O t03[150] ok
2026-09-29T13:02:37Z 00O t03[151] ok
2026-09-29T13:02:37Z 00O t03[152] ok
2026-09-29T13:02:37Z 00O t03[153] ok
2026-09-29T13:02:37Z 00O t03[154] ok
2026-09-29T13:02:37Z 00O t03[155] ok
2026-09-29T13:02:38Z 00O t03[156] ok
2026-09-29T13:02:38Z 00O t03[157] ok
2026-09-29T13:02:38Z 00O t03[158] ok
2026-09-29T13:02:38Z 00O t03[159] ok
2026-09-29T13:02:38Z 00O t03[160] ok
2026-09-29T13:02:39Z 00O t03[161] ok
2026-09-29T13:02:39Z 00O t03[162] ok
2026-09-29T13:02:39Z 00O t03[163] ok
2026-09-29T13:02:39Z 00O t03[164] ok
2026-09-29T13:02:39Z 00O t03[165] ok
2026-09-29T13:02:40Z 00O t03[166] ok
2026-09-29T13:02:40Z 00O t03[167] ok
2026-09-29T13:02:40Z 00O t03[168] ok
2026-09-29T13:02:40Z 00O t03[169] ok
2026-09-29T13:02:40Z 00O t03[170] ok
2026-09-29T13:02:41Z 00O t03[171] ok
2026-09-29T13:02:41Z 00O t03[172] ok
2026-09-29T13:02:41Z 00O t03[173] ok
2026-09-29T13:02:41Z 00O t03[174] ok
2026-09-29T13:02:41Z 00O t03[175] ok
2026-09-29T13:02:42Z 00O t03[176] ok
2026-09-29T13:02:42Z 00O t03[177] ok
2026-09-29T13:02:42Z 00O t03[178] ok
2026-09-29T13:02:42Z 00O t03[179] ok
2026-09-29T13:02:42Z 00O t03[180] ok
2026-09-29T13:02:43Z 00O t03[181] ok
2026-09-29T13:02:43Z 00O t03[182] ok
2026-09-29T13:02:43Z 00O t03[183] ok
2026-09-29T13:02:43Z 00O t03[184] ok
2026-09-29T13:02:43Z 00O t03[185] ok
2026-09-29T13:02:44Z 00O t03[186] ok
2026-09-29T13:02:44Z 00O t03[187] ok
2026-09-29T13:02:44Z 00O t03[188] ok
2026-09-29T13:02:44Z 00O t03[189] ok
2026-09-29T13:02:44Z 00O t03[190] ok
2026-09-29T13:02:45Z 00O t03[191] ok
2026-09-29T13:02:45Z 00O t03[192] ok
2026-09-29T13:02:45Z 00O t03[193] ok
2026-09-29T13:02:45Z 00O t03[194] ok
2026-09-29T13:02:45Z 00O t03[195] ok
2026-09-29T13:02:46Z 00O t03[196] ok
2026-09-29T13:02:46Z 00O t03[197] ok
2026-09-29T13:02:46Z 00O t03[198] ok
2026-09-29T13:02:46Z 00O t03[199] ok
2026-09-29T13:02:46Z 00O t04[000] ok
2026-09-29T13:02:47Z 00O t04[001] ok
2026-09-29T13:02:47Z 00O t04[002] ok
2026-09-29T13:02:47Z 00O t04[003] ok
2026-09-29T13:02:47Z 00O t04[004] ok
2026-09-29T13:02:47Z 00O t04[005] ok
2026-09-29T13:02:48Z 00O t04[006] ok
2026-09-29T13:02:48Z 00O t04[007] ok
2026-09-29T13:02:48Z 00O t04[008] ok
2026-09-29T13:02:48Z 00O t04[009] ok
2026-09-29T13:02:48Z 00O t04[010] ok
2026-09-29T13:02:49Z 00O t04[011] ok
2026-09-29T13:02:49Z 00O t04[012] ok
2026-09-29T13:02:49Z 00O t04[013] ok
2026-09-29T13:02:49Z 00O t04[014] ok
2026-09-29T13:02:49Z 00O t04[015] ok
2026-09-29T13:02:50Z 00O t04[016] ok
2026-09-29T13:02:50Z 00O t04[017] ok
2026-09-29T13:02:50Z 00O t04[018] ok
2026-09-29T13:02:50Z 00O t04[019] ok
2026-09-29T13:02:50Z 00O t04[020] ok
2026-09-29T13:02:51Z 00O t04[021] ok
2026-09-29T13:02:51Z 00O t04[022] ok
2026-09-29T13:02:51Z 00O t04[023] ok
2026-09-29T13:02:51Z 00O t04[024] ok
2026-09-29T13:02:51Z 00O t04[025] ok
2026-09-29T13:02:52Z 00O t04[026] ok
2026-09-29T13:02:52Z 00O t04[027] ok
2026-09-29T13:02:52Z 00O t04[028] ok
2026-09-29T13:02:52Z 00O t04[029] ok
2026-09-29T13:02:52Z 00O t04[030] ok
2026-09-29T13:02:53Z 00O t04[031] ok
2026-09-29T13:02:53Z 00O t04[032] ok
2026-09-29T13:02:53Z 00O t04[033] ok
2026-09-29T13:02:53Z 00O t04[034] ok
2026-09-29T13:02:53Z 00O t04[035] ok
2026-09-29T13:02:54Z 00O t04[036] ok
2026-09-29T13:02:54Z 00O t04[037] ok
2026-09-29T13:02:54Z 00O t04[038] ok
2026-09-29T13:02:54Z 00O t04[039] ok
2026-09-29T13:02:54Z 00O t04[040] ok
2026-09-29T13:02:55Z 00O t04[041] ok
2026-09-29T13:02:55Z 00O t04[042] ok
2026-09-29T13:02:55Z 00O t04[043] ok
2026-09-29T13:02:55Z 00O t04[044] ok
2026-09-29T13:02:55Z 00O t04[045] ok
2026-09-29T13:02:56Z 00O t04[046] ok
2026-09-29T13:02:56Z 00O t04[047] ok
2026-09-29T13:02:56Z 00O t04[048] ok
2026-09-29T13:02:56Z 00O t04[049] ok
2026-09-29T13:02:56Z 00O t04[050] ok
2026-09-29T13:02:57Z 00O t04[051] ok
2026-09-29T13:02:57Z 00O t04[052] ok
2026-09-29T13:02:57Z 00O t04[053] ok
2026-09-29T13:02:57Z 00O t04[054] ok
2026-09-29T13:02:57Z 00O t04[055] ok
2026-09-29T13:02:58Z 00O t04[056] ok
2026-09-29T13:02:58Z 00O t04[057] ok
2026-09-29T13:02:58Z 00O t04[058] ok
2026-09-29T13:02:58Z 00O t04[059] ok
2026-09-29T13:02:58Z 00O t04[060] ok
2026-09-29T13:02:59Z 00O t04[061] ok
2026-09-29T13:02:59Z 00O t04[062] ok
2026-09-29T13:02:59Z 00O t04[063] ok
2026-09-29T13:02:59Z 00O t04[064] ok
2026-09-29T13:02:59Z 00O t04[065] ok
2026-09-29T13:03:00Z 00O t04[066] ok
2026-09-29T13:03:00Z 00O t04[067] ok
2026-09-29T13:03:00Z 00O t04[068] ok
2026-09-29T13:03:00Z 00O t04[069] ok
2026-09-29T13:03:00Z 00O t04[070] ok
2026-09-29T13:03:01Z 00O t04[071] ok
2026-09-29T13:03:01Z 00O t04[072] ok
2026-09-29T13:03:01Z 00O t04[073] ok
2026-09-29T13:03:01Z 00O t04[074] ok
2026-09-29T13:03:01Z 00O t04[075] ok
2026-09-29T13:03:02Z 00O t04[076] ok
2026-09-29T13:03:02Z 00O t04[077] ok
2026-09-29T13:03:02Z 00O t04[078] ok
2026-09-29T13:03:02Z 00O t04[079] ok
2026-09-29T13:03:02Z 00O t04[080] ok
2026-09-29T13:03:03Z 00O t04[081] ok
2026-09-29T13:03:03Z 00O t04[082] ok
2026-09-29T13:03:03Z 00O t04[083] ok
2026-09-29T13:03:03Z 00O t04[084] ok
2026-09-29T13:03:03Z 00O t04[085] ok
2026-09-29T13:03:04Z 00O t04[086] ok
2026-09-29T13:03:04Z 00O t04[087] ok
2026-09-29T13:03:04Z 00O t04[088] ok
2026-09-29T13:03:04Z 00O t04[089] ok
2026-09-29T13:03:04Z 00O t04[090] ok
2026-09-29T13:03:05Z 00O t04[091] ok
2026-09-29T13:03:05Z 00O t04[092] ok
2026-09-29T13:03:05Z 00O t04[093] ok
2026-09-29T13:03:05Z 00O t04[094] ok
2026-09-29T13:03:05Z 00O t04[095] ok
2026-09-29T13:03:06Z 00O t04[096] ok
2026-09-29T13:03:06Z 00O t04[097] ok
2026-09-29T13:03:06Z 00O t04[098] ok
2026-09-29T13:03:06Z 00O t04[099] ok
2026-09-29T13:03:06Z 00O t04[100] ok
2026-09-29T13:03:07Z 00O t04[101] ok
2026-09-29T13:03:07Z 00O t04[102] ok
2026-09-29T13:03:07Z 00O t04[103] ok
2026-09-29T13:03:07Z 00O t04[104] ok
2026-09-29T13:03:07Z 00O t04[105] ok
2026-09-29T13:03:08Z 00O t04[106] ok
2026-09-29T13:03:08Z 00O t04[107] ok
2026-09-29T13:03:08Z 00O t04[108] ok
2026-09-29T13:03:08Z 00O t04[109] ok
2026-09-29T13:03:08Z 00O t04[110] ok
2026-09-29T13:03:09Z 00O t04[111] ok
2026-09-29T13:03:09Z 00O t04[112] ok
2026-09-29T13:03:09Z 00O t04[113] ok
2026-09-29T13:03:09Z 00O t04[114] ok
2026-09-29T13:03:09Z 00O t04[115] ok
2026-09-29T13:03:10Z 00O t04[116] ok
2026-09-29T13:03:10Z 00O t04[117] ok
2026-09-29T13:03:10Z 00O t04[118] ok
2026-09-29T13:03:10Z 00O t04[119] ok
2026-09-29T13:03:10Z 00O t04[120] ok
2026-09-29T13:03:11Z 00O t04[121] ok
2026-09-29T13:03:11Z 00O t04[122] ok
2026-09-29T13:03:11Z 00O t04[123] ok
2026-09-29T13:03:11Z 00O t04[124] ok
2026-09-29T13:03:11Z 00O t04[125] ok
2026-09-29T13:03:12Z 00O t04[126] ok
2026-09-29T13:03:12Z 00O t04[127] ok
2026-09-29T13:03:12Z 00O t04[128] ok
2026-09-29T13:03:12Z 00O t04[129] ok
2026-09-29T13:03:12Z 00O t04[130] ok
2026-09-29T13:03:13Z 00O t04[131] ok
2026-09-29T13:03:13Z 00O t04[132] ok
2026-09-29T13:03:13Z 00O t04[133] ok
2026-09-29T13:03:13Z 00O t04[134] ok
2026-09-29T13:03:13Z 00O t04[135] ok
2026-09-29T13:03:14Z 00O t04[136] ok
2026-09-29T13:03:14Z 00O t04[137] ok
2026-09-29T13:03:14Z 00O t04[138] ok
2026-09-29T13:03:14Z 00O t04[139] ok
2026-09-29T13:03:14Z 00O t04[140] ok
2026-09-29T13:03:15Z 00O t04[141] ok
2026-09-29T13:03:15Z 00O t04[142] ok
2026-09-29T13:03:15Z 00O t04[143] ok
2026-09-29T13:03:15Z 00O t04[144] ok
2026-09-29T13:03:15Z 00O t04[145] ok
2026-09-29T13:03:16Z 00O t04[146] ok
2026-09-29T13:03:16Z 00O t04[147] ok
2026-09-29T13:03:16Z 00O t04[148] ok
2026-09-29T13:03:16Z 00O t04[149] ok
2026-09-29T13:03:16Z 00O t04[150] ok
2026-09-29T13:03:17Z 00O t04[151] ok
2026-09-29T13:03:17Z 00O t04[152] ok
2026-09-29T13:03:17Z 00O t04[153] ok
2026-09-29T13:03:17Z 00O t04[154] ok
2026-09-29T13:03:17Z 00O t04[155] ok
2026-09-29T13:03:18Z 00O t04[156] ok
2026-09-29T13:03:18Z 00O t04[157] ok
2026-09-29T13:03:18Z 00O t04[158] ok
2026-09-29T13:03:18Z 00O t04[159] ok
2026-09-29T13:03:18Z 00O t04[160] ok
2026-09-29T13:03:19Z 00O t04[161] ok
2026-09-29T13:03:19Z 00O t04[162] ok
2026-09-29T13:03:19Z 00O t04[163] ok
2026-09-29T13:03:19Z 00O t04[164] ok
2026-09-29T13:03:19Z 00O t04[165] ok
2026-09-29T13:03:20Z 00O t04[166] ok
2026-09-29T13:03:20Z 00O t04[167] ok
2026-09-29T13:03:20Z 00O t04[168] ok
2026-09-29T13:03:20Z 00O t04[169] ok
2026-09-29T13:03:20Z 00O t04[170] ok
2026-09-29T13:03:21Z 00O t04[171] ok
2026-09-29T13:03:21Z 00O t04[172] ok
2026-09-29T13:03:21Z 00O t04[173] ok
2026-09-29T13:03:21Z 00O t04[174] ok
2026-09-29T13:03:21Z 00O t04[175] ok
2026-09-29T13:03:22Z 00O t04[176] ok
2026-09-29T13:03:22Z 00O t04[177] ok
2026-09-29T13:03:22Z 00O t04[178] ok
2026-09-29T13:03:22Z 00O t04[179] ok
2026-09-29T13:03:22Z 00O t04[180] ok
2026-09-29T13:03:23Z 00O t04[181] ok
2026-09-29T13:03:23Z 00O t04[182] ok
2026-09-29T13:03:23Z 00O t04[183] ok
2026-09-29T13:03:23Z 00O t04[184] ok
2026-09-29T13:03:23Z 00O t04[185] ok
2026-09-29T13:03:24Z 00O t04[186] ok
2026-09-29T13:03:24Z 00O t04[187] ok
2026-09-29T13:03:24Z 00O t04[188] ok
2026-09-29T13:03:24Z 00O t04[189] ok
2026-09-29T13:03:24Z 00O t04[190] ok
2026-09-29T13:03:25Z 00O t04[191] ok
2026-09-29T13:03:25Z 00O t04[192] ok
2026-09-29T13:03:25Z 00O t04[193] ok
2026-09-29T13:03:25Z 00O t04[194] ok
2026-09-29T13:03:25Z 00O t04[195] ok
2026-09-29T13:03:26Z 00O t04[196] ok
2026-09-29T13:03:26Z 00O t04[197] ok
2026-09-29T13:03:26.172408Z 00O   DeprecationWarning: error_bad_lines is deprecated; use on_bad_lines instead
2026-09-29T13:03:26Z 00O t04[198] ok
2026-09-29T13:03:26Z 00O t04[199] ok
2026-09-29T13:03:27Z 00O t05[000] ok
2026-09-29T13:03:27Z 00O t05[001] ok
2026-09-29T13:03:27Z 00O t05[002] ok
2026-09-29T13:03:27Z 00O t05[003] ok
2026-09-29T13:03:27Z 00O t05[004] ok
2026-09-29T13:03:28Z 00O t05[005] ok
2026-09-29T13:03:28Z 00O t05[006] ok
2026-09-29T13:03:28Z 00O t05[007] ok
2026-09-29T13:03:28Z 00O t05[008] ok
2026-09-29T13:03:28Z 00O t05[009] ok
2026-09-29T13:03:29Z 00O t05[010] ok
2026-09-29T13:03:29Z 00O t05[011] ok
2026-09-29T13:03:29Z 00O t05[012] ok
2026-09-29T13:03:29Z 00O t05[013] ok
2026-09-29T13:03:29Z 00O t05[014] ok
2026-09-29T13:03:30Z 00O t05[015] ok
2026-09-29T13:03:30Z 00O t05[016] ok
2026-09-29T13:03:30Z 00O t05[017] ok
2026-09-29T13:03:30Z 00O t05[018] ok
2026-09-29T13:03:30Z 00O t05[019] ok
2026-09-29T13:03:31Z 00O t05[020] ok
2026-09-29T13:03:31Z 00O t05[021] ok
2026-09-29T13:03:31Z 00O t05[022] ok
2026-09-29T13:03:31Z 00O t05[023] ok
2026-09-29T13:03:31Z 00O t05[024] ok
2026-09-29T13:03:32Z 00O t05[025] ok
2026-09-29T13:03:32Z 00O t05[026] ok
2026-09-29T13:03:32Z 00O t05[027] ok
2026-09-29T13:03:32Z 00O t05[028] ok
2026-09-29T13:03:32Z 00O t05[029] ok
2026-09-29T13:03:33Z 00O t05[030] ok
2026-09-29T13:03:33Z 00O t05[031] ok
2026-09-29T13:03:33Z 00O t05[032] ok
2026-09-29T13:03:33Z 00O t05[033] ok
2026-09-29T13:03:33Z 00O t05[034] ok
2026-09-29T13:03:34Z 00O t05[035] ok
2026-09-29T13:03:34Z 00O t05[036] ok
2026-09-29T13:03:34Z 00O t05[037] ok
2026-09-29T13:03:34Z 00O t05[038] ok
2026-09-29T13:03:34Z 00O t05[039] ok
2026-09-29T13:03:35Z 00O t05[040] ok
2026-09-29T13:03:35Z 00O t05[041] ok
2026-09-29T13:03:35Z 00O t05[042] ok
2026-09-29T13:03:35Z 00O t05[043] ok
2026-09-29T13:03:35Z 00O t05[044] ok
2026-09-29T13:03:36Z 00O t05[045] ok
2026-09-29T13:03:36Z 00O t05[046] ok
2026-09-29T13:03:36Z 00O t05[047] ok
2026-09-29T13:03:36Z 00O t05[048] ok
2026-09-29T13:03:36Z 00O t05[049] ok
2026-09-29T13:03:37Z 00O t05[050] ok
2026-09-29T13:03:37Z 00O t05[051] ok
2026-09-29T13:03:37Z 00O t05[052] ok
2026-09-29T13:03:37Z 00O t05[053] ok
2026-09-29T13:03:37Z 00O t05[054] ok
2026-09-29T13:03:38Z 00O t05[055] ok
2026-09-29T13:03:38Z 00O t05[056] ok
2026-09-29T13:03:38Z 00O t05[057] ok
2026-09-29T13:03:38Z 00O t05[058] ok
2026-09-29T13:03:38Z 00O t05[059] ok
2026-09-29T13:03:39Z 00O t05[060] ok
2026-09-29T13:03:39Z 00O t05[061] ok
2026-09-29T13:03:39Z 00O t05[062] ok
2026-09-29T13:03:39Z 00O t05[063] ok
2026-09-29T13:03:39Z 00O t05[064] ok
2026-09-29T13:03:40Z 00O t05[065] ok
2026-09-29T13:03:40Z 00O t05[066] ok
2026-09-29T13:03:40Z 00O t05[067] ok
2026-09-29T13:03:40Z 00O t05[068] ok
2026-09-29T13:03:40Z 00O t05[069] ok
2026-09-29T13:03:41Z 00O t05[070] ok
2026-09-29T13:03:41Z 00O t05[071] ok
2026-09-29T13:03:41Z 00O t05[072] ok
2026-09-29T13:03:41Z 00O t05[073] ok
2026-09-29T13:03:41Z 00O t05[074] ok
2026-09-29T13:03:42Z 00O t05[075] ok
2026-09-29T13:03:42Z 00O t05[076] ok
2026-09-29T13:03:42Z 00O t05[077] ok
2026-09-29T13:03:42Z 00O t05[078] ok
2026-09-29T13:03:42Z 00O t05[079] ok
2026-09-29T13:03:43Z 00O t05[080] ok
2026-09-29T13:03:43Z 00O t05[081] ok
2026-09-29T13:03:43Z 00O t05[082] ok
2026-09-29T13:03:43Z 00O t05[083] ok
2026-09-29T13:03:43Z 00O t05[084] ok
2026-09-29T13:03:44Z 00O t05[085] ok
2026-09-29T13:03:44Z 00O t05[086] ok
2026-09-29T13:03:44Z 00O t05[087] ok
2026-09-29T13:03:44Z 00O t05[088] ok
2026-09-29T13:03:44Z 00O t05[089] ok
2026-09-29T13:03:45Z 00O t05[090] ok
2026-09-29T13:03:45Z 00O t05[091] ok
2026-09-29T13:03:45Z 00O t05[092] ok
2026-09-29T13:03:45Z 00O t05[093] ok
2026-09-29T13:03:45Z 00O t05[094] ok
2026-09-29T13:03:46Z 00O t05[095] ok
2026-09-29T13:03:46Z 00O t05[096] ok
2026-09-29T13:03:46Z 00O t05[097] ok
2026-09-29T13:03:46Z 00O t05[098] ok
2026-09-29T13:03:46Z 00O t05[099] ok
2026-09-29T13:03:47Z 00O t05[100] ok
2026-09-29T13:03:47Z 00O t05[101] ok
2026-09-29T13:03:47Z 00O t05[102] ok
2026-09-29T13:03:47Z 00O t05[103] ok
2026-09-29T13:03:47Z 00O t05[104] ok
2026-09-29T13:03:48Z 00O t05[105] ok
2026-09-29T13:03:48Z 00O t05[106] ok
2026-09-29T13:03:48Z 00O t05[107] ok
2026-09-29T13:03:48Z 00O t05[108] ok
2026-09-29T13:03:48Z 00O t05[109] ok
2026-09-29T13:03:49Z 00O t05[110] ok
2026-09-29T13:03:49Z 00O t05[111] ok
2026-09-29T13:03:49Z 00O t05[112] ok
2026-09-29T13:03:49Z 00O t05[113] ok
2026-09-29T13:03:49Z 00O t05[114] ok
2026-09-29T13:03:50Z 00O t05[115] ok
2026-09-29T13:03:50Z 00O t05[116] ok
2026-09-29T13:03:50Z 00O t05[117] ok
2026-09-29T13:03:50Z 00O t05[118] ok
2026-09-29T13:03:50Z 00O t05[119] ok
2026-09-29T13:03:51Z 00O t05[120] ok
2026-09-29T13:03:51Z 00O t05[121] ok
2026-09-29T13:03:51Z 00O t05[122] ok
2026-09-29T13:03:51Z 00O t05[123] ok
2026-09-29T13:03:51Z 00O t05[124] ok
2026-09-29T13:03:52Z 00O t05[125] ok
2026-09-29T13:03:52Z 00O t05[126] ok
2026-09-29T13:03:52Z 00O t05[127] ok
2026-09-29T13:03:52Z 00O t05[128] ok
2026-09-29T13:03:52Z 00O t05[129] ok
2026-09-29T13:03:53Z 00O t05[130] ok
2026-09-29T13:03:53Z 00O t05[131] ok
2026-09-29T13:03:53Z 00O t05[132] ok
2026-09-29T13:03:53Z 00O t05[133] ok
2026-09-29T13:03:53Z 00O t05[134] ok
2026-09-29T13:03:54Z 00O t05[135] ok
2026-09-29T13:03:54Z 00O t05[136] ok
2026-09-29T13:03:54Z 00O t05[137] ok
2026-09-29T13:03:54Z 00O t05[138] ok
2026-09-29T13:03:54Z 00O t05[139] ok
2026-09-29T13:03:55Z 00O t05[140] ok
2026-09-29T13:03:55Z 00O t05[141] ok
2026-09-29T13:03:55Z 00O t05[142] ok
2026-09-29T13:03:55Z 00O t05[143] ok
2026-09-29T13:03:55Z 00O t05[144] ok
2026-09-29T13:03:56Z 00O t05[145] ok
2026-09-29T13:03:56Z 00O t05[146] ok
2026-09-29T13:03:56Z 00O t05[147] ok
2026-09-29T13:03:56Z 00O t05[148] ok
2026-09-29T13:03:56Z 00O t05[149] ok
2026-09-29T13:03:57Z 00O t05[150] ok
2026-09-29T13:03:57Z 00O t05[151] ok
2026-09-29T13:03:57Z 00O t05[152] ok
2026-09-29T13:03:57Z 00O t05[153] ok
2026-09-29T13:03:57Z 00O t05[154] ok
2026-09-29T13:03:58Z 00O t05[155] ok
2026-09-29T13:03:58Z 00O t05[156] ok
2026-09-29T13:03:58Z 00O t05[157] ok
2026-09-29T13:03:58Z 00O t05[158] ok
2026-09-29T13:03:58Z 00O t05[159] ok
2026-09-29T13:03:59Z 00O t05[160] ok
2026-09-29T13:03:59Z 00O t05[161] ok
2026-09-29T13:03:59Z 00O t05[162] ok
2026-09-29T13:03:59Z 00O t05[163] ok
2026-09-29T13:03:59Z 00O t05[164] ok
2026-09-29T13:04:00Z 00O t05[165] ok
2026-09-29T13:04:00Z 00O t05[166] ok
2026-09-29T13:04:00Z 00O t05[167] ok
2026-09-29T13:04:00Z 00O t05[168] ok
2026-09-29T13:04:00Z 00O t05[169] ok
2026-09-29T13:04:01Z 00O t05[170] ok
2026-09-29T13:04:01Z 00O t05[171] ok
2026-09-29T13:04:01Z 00O t05[172] ok
2026-09-29T13:04:01Z 00O t05[173] ok
2026-09-29T13:04:01Z 00O t05[174] ok
2026-09-29T13:04:02Z 00O t05[175] ok
2026-09-29T13:04:02Z 00O t05[176] ok
2026-09-29T13:04:02Z 00O t05[177] ok
2026-09-29T13:04:02Z 00O t05[178] ok
2026-09-29T13:04:02Z 00O t05[179] ok
2026-09-29T13:04:03Z 00O t05[180] ok
2026-09-29T13:04:03Z 00O t05[181] ok
2026-09-29T13:04:03Z 00O t05[182] ok
2026-09-29T13:04:03Z 00O t05[183] ok
2026-09-29T13:04:03Z 00O t05[184] ok
2026-09-29T13:04:04Z 00O t05[185] ok
2026-09-29T13:04:04Z 00O t05[186] ok
2026-09-29T13:04:04Z 00O t05[187] ok
2026-09-29T13:04:04Z 00O t05[188] ok
2026-09-29T13:04:04Z 00O t05[189] ok
2026-09-29T13:04:05Z 00O t05[190] ok
2026-09-29T13:04:05Z 00O t05[191] ok
2026-09-29T13:04:05Z 00O t05[192] ok
2026-09-29T13:04:05Z 00O t05[193] ok
2026-09-29T13:04:05Z 00O t05[194] ok
2026-09-29T13:04:06Z 00O t05[195] ok
2026-09-29T13:04:06Z 00O t05[196] ok
2026-09-29T13:04:06Z 00O t05[197] ok
2026-09-29T13:04:06Z 00O t05[198] ok
2026-09-29T13:04:06Z 00O t05[199] ok
2026-09-29T13:04:07Z 00O t06[000] ok
2026-09-29T13:04:07Z 00O t06[001] ok
2026-09-29T13:04:07Z 00O t06[002] ok
2026-09-29T13:04:07Z 00O t06[003] ok
2026-09-29T13:04:07Z 00O t06[004] ok
2026-09-29T13:04:08Z 00O t06[005] ok
2026-09-29T13:04:08Z 00O t06[006] ok
2026-09-29T13:04:08Z 00O t06[007] ok
2026-09-29T13:04:08Z 00O t06[008] ok
2026-09-29T13:04:08Z 00O t06[009] ok
2026-09-29T13:04:09Z 00O t06[010] ok
2026-09-29T13:04:09Z 00O t06[011] ok
2026-09-29T13:04:09Z 00O t06[012] ok
2026-09-29T13:04:09Z 00O t06[013] ok
2026-09-29T13:04:09Z 00O t06[014] ok
2026-09-29T13:04:10Z 00O t06[015] ok
2026-09-29T13:04:10Z 00O t06[016] ok
2026-09-29T13:04:10Z 00O t06[017] ok
2026-09-29T13:04:10Z 00O t06[018] ok
2026-09-29T13:04:10Z 00O t06[019] ok
2026-09-29T13:04:11Z 00O t06[020] ok
2026-09-29T13:04:11Z 00O t06[021] ok
2026-09-29T13:04:11Z 00O t06[022] ok
2026-09-29T13:04:11Z 00O t06[023] ok
2026-09-29T13:04:11Z 00O t06[024] ok
2026-09-29T13:04:12Z 00O t06[025] ok
2026-09-29T13:04:12Z 00O t06[026] ok
2026-09-29T13:04:12Z 00O t06[027] ok
2026-09-29T13:04:12Z 00O t06[028] ok
2026-09-29T13:04:12Z 00O t06[029] ok
2026-09-29T13:04:13Z 00O t06[030] ok
2026-09-29T13:04:13Z 00O t06[031] ok
2026-09-29T13:04:13Z 00O t06[032] ok
2026-09-29T13:04:13Z 00O t06[033] ok
2026-09-29T13:04:13Z 00O t06[034] ok
2026-09-29T13:04:14Z 00O t06[035] ok
2026-09-29T13:04:14Z 00O t06[036] ok
2026-09-29T13:04:14Z 00O t06[037] ok
2026-09-29T13:04:14Z 00O t06[038] ok
2026-09-29T13:04:14Z 00O t06[039] ok
2026-09-29T13:04:15Z 00O t06[040] ok
2026-09-29T13:04:15Z 00O t06[041] ok
2026-09-29T13:04:15Z 00O t06[042] ok
2026-09-29T13:04:15Z 00O t06[043] ok
2026-09-29T13:04:15Z 00O t06[044] ok
2026-09-29T13:04:16Z 00O t06[045] ok
2026-09-29T13:04:16Z 00O t06[046] ok
2026-09-29T13:04:16Z 00O t06[047] ok
2026-09-29T13:04:16Z 00O t06[048] ok
2026-09-29T13:04:16Z 00O t06[049] ok
2026-09-29T13:04:17Z 00O t06[050] ok
2026-09-29T13:04:17Z 00O t06[051] ok
2026-09-29T13:04:17Z 00O t06[052] ok
2026-09-29T13:04:17Z 00O t06[053] ok
2026-09-29T13:04:17Z 00O t06[054] ok
2026-09-29T13:04:18Z 00O t06[055] ok
2026-09-29T13:04:18Z 00O t06[056] ok
2026-09-29T13:04:18Z 00O t06[057] ok
2026-09-29T13:04:18Z 00O t06[058] ok
2026-09-29T13:04:18Z 00O t06[059] ok
2026-09-29T13:04:19Z 00O t06[060] ok
2026-09-29T13:04:19Z 00O t06[061] ok
2026-09-29T13:04:19Z 00O t06[062] ok
2026-09-29T13:04:19Z 00O t06[063] ok
2026-09-29T13:04:19Z 00O t06[064] ok
2026-09-29T13:04:20Z 00O t06[065] ok
2026-09-29T13:04:20Z 00O t06[066] ok
2026-09-29T13:04:20Z 00O t06[067] ok
2026-09-29T13:04:20Z 00O t06[068] ok
2026-09-29T13:04:20Z 00O t06[069] ok
2026-09-29T13:04:21Z 00O t06[070] ok
2026-09-29T13:04:21Z 00O t06[071] ok
2026-09-29T13:04:21Z 00O t06[072] ok
2026-09-29T13:04:21Z 00O t06[073] ok
2026-09-29T13:04:21Z 00O t06[074] ok
2026-09-29T13:04:22Z 00O t06[075] ok
2026-09-29T13:04:22Z 00O t06[076] ok
2026-09-29T13:04:22Z 00O t06[077] ok
2026-09-29T13:04:22Z 00O t06[078] ok
2026-09-29T13:04:22Z 00O t06[079] ok
2026-09-29T13:04:23Z 00O t06[080] ok
2026-09-29T13:04:23Z 00O t06[081] ok
2026-09-29T13:04:23Z 00O t06[082] ok
2026-09-29T13:04:23Z 00O t06[083] ok
2026-09-29T13:04:23Z 00O t06[084] ok
2026-09-29T13:04:24Z 00O t06[085] ok
2026-09-29T13:04:24Z 00O t06[086] ok
2026-09-29T13:04:24Z 00O t06[087] ok
2026-09-29T13:04:24Z 00O t06[088] ok
2026-09-29T13:04:24Z 00O t06[089] ok
2026-09-29T13:04:25Z 00O t06[090] ok
2026-09-29T13:04:25Z 00O t06[091] ok
2026-09-29T13:04:25Z 00O t06[092] ok
2026-09-29T13:04:25Z 00O t06[093] ok
2026-09-29T13:04:25Z 00O t06[094] ok
2026-09-29T13:04:26Z 00O t06[095] ok
2026-09-29T13:04:26Z 00O t06[096] ok
2026-09-29T13:04:26Z 00O t06[097] ok
2026-09-29T13:04:26Z 00O t06[098] ok
2026-09-29T13:04:26Z 00O t06[099] ok
2026-09-29T13:04:27Z 00O t06[100] ok
2026-09-29T13:04:27Z 00O t06[101] ok
2026-09-29T13:04:27Z 00O t06[102] ok
2026-09-29T13:04:27Z 00O t06[103] ok
2026-09-29T13:04:27Z 00O t06[104] ok
2026-09-29T13:04:28Z 00O t06[105] ok
2026-09-29T13:04:28Z 00O t06[106] ok
2026-09-29T13:04:28Z 00O t06[107] ok
2026-09-29T13:04:28Z 00O t06[108] ok
2026-09-29T13:04:28Z 00O t06[109] ok
2026-09-29T13:04:29Z 00O t06[110] ok
2026-09-29T13:04:29Z 00O t06[111] ok
2026-09-29T13:04:29Z 00O t06[112] ok
2026-09-29T13:04:29Z 00O t06[113] ok
2026-09-29T13:04:29Z 00O t06[114] ok
2026-09-29T13:04:30Z 00O t06[115] ok
2026-09-29T13:04:30Z 00O t06[116] ok
2026-09-29T13:04:30Z 00O t06[117] ok
2026-09-29T13:04:30Z 00O t06[118] ok
2026-09-29T13:04:30Z 00O t06[119] ok
2026-09-29T13:04:31Z 00O t06[120] ok
2026-09-29T13:04:31Z 00O t06[121] ok
2026-09-29T13:04:31Z 00O t06[122] ok
2026-09-29T13:04:31Z 00O t06[123] ok
2026-09-29T13:04:31Z 00O t06[124] ok
2026-09-29T13:04:32Z 00O t06[125] ok
2026-09-29T13:04:32Z 00O t06[126] ok
2026-09-29T13:04:32Z 00O t06[127] ok
2026-09-29T13:04:32Z 00O t06[128] ok
2026-09-29T13:04:32Z 00O t06[129] ok
2026-09-29T13:04:33Z 00O t06[130] ok
2026-09-29T13:04:33Z 00O t06[131] ok
2026-09-29T13:04:33Z 00O t06[132] ok
2026-09-29T13:04:33Z 00O t06[133] ok
2026-09-29T13:04:33Z 00O t06[134] ok
2026-09-29T13:04:34Z 00O t06[135] ok
2026-09-29T13:04:34Z 00O t06[136] ok
2026-09-29T13:04:34Z 00O t06[137] ok
2026-09-29T13:04:34Z 00O t06[138] ok
2026-09-29T13:04:34Z 00O t06[139] ok
2026-09-29T13:04:35Z 00O t06[140] ok
2026-09-29T13:04:35Z 00O t06[141] ok
2026-09-29T13:04:35Z 00O t06[142] ok
2026-09-29T13:04:35Z 00O t06[143] ok
2026-09-29T13:04:35Z 00O t06[144] ok
2026-09-29T13:04:36Z 00O t06[145] ok
2026-09-29T13:04:36Z 00O t06[146] ok
2026-09-29T13:04:36Z 00O t06[147] ok
2026-09-29T13:04:36Z 00O t06[148] ok
2026-09-29T13:04:36Z 00O t06[149] ok
2026-09-29T13:04:37Z 00O t06[150] ok
2026-09-29T13:04:37Z 00O t06[151] ok
2026-09-29T13:04:37Z 00O t06[152] ok
2026-09-29T13:04:37Z 00O t06[153] ok
2026-09-29T13:04:37Z 00O t06[154] ok
2026-09-29T13:04:38Z 00O t06[155] ok
2026-09-29T13:04:38Z 00O t06[156] ok
2026-09-29T13:04:38Z 00O t06[157] ok
2026-09-29T13:04:38Z 00O t06[158] ok
2026-09-29T13:04:38Z 00O t06[159] ok
2026-09-29T13:04:39Z 00O t06[160] ok
2026-09-29T13:04:39Z 00O t06[161] ok
2026-09-29T13:04:39Z 00O t06[162] ok
2026-09-29T13:04:39Z 00O t06[163] ok
2026-09-29T13:04:39Z 00O t06[164] ok
2026-09-29T13:04:40Z 00O t06[165] ok
2026-09-29T13:04:40Z 00O t06[166] ok
2026-09-29T13:04:40Z 00O t06[167] ok
2026-09-29T13:04:40Z 00O t06[168] ok
2026-09-29T13:04:40Z 00O t06[169] ok
2026-09-29T13:04:41Z 00O t06[170] ok
2026-09-29T13:04:41Z 00O t06[171] ok
2026-09-29T13:04:41Z 00O t06[172] ok
2026-09-29T13:04:41Z 00O t06[173] ok
2026-09-29T13:04:41Z 00O t06[174] ok
2026-09-29T13:04:42Z 00O t06[175] ok
2026-09-29T13:04:42Z 00O t06[176] ok
2026-09-29T13:04:42Z 00O t06[177] ok
2026-09-29T13:04:42Z 00O t06[178] ok
2026-09-29T13:04:42Z 00O t06[179] ok
2026-09-29T13:04:43Z 00O t06[180] ok
2026-09-29T13:04:43Z 00O t06[181] ok
2026-09-29T13:04:43Z 00O t06[182] ok
2026-09-29T13:04:43Z 00O t06[183] ok
2026-09-29T13:04:43Z 00O t06[184] ok
2026-09-29T13:04:44Z 00O t06[185] ok
2026-09-29T13:04:44Z 00O t06[186] ok
2026-09-29T13:04:44Z 00O t06[187] ok
2026-09-29T13:04:44Z 00O t06[188] ok
2026-09-29T13:04:44Z 00O t06[189] ok
2026-09-29T13:04:45Z 00O t06[190] ok
2026-09-29T13:04:45Z 00O t06[191] ok
2026-09-29T13:04:45Z 00O t06[192] ok
2026-09-29T13:04:45Z 00O t06[193] ok
2026-09-29T13:04:45Z 00O t06[194] ok
2026-09-29T13:04:46Z 00O t06[195] ok
2026-09-29T13:04:46Z 00O t06[196] ok
2026-09-29T13:04:46Z 00O t06[197] ok
2026-09-29T13:04:46Z 00O t06[198] ok
2026-09-29T13:04:46Z 00O t06[199] ok
2026-09-29T13:04:47Z 00O t07[000] ok
2026-09-29T13:04:47Z 00O t07[001] ok
2026-09-29T13:04:47Z 00O t07[002] ok
2026-09-29T13:04:47Z 00O t07[003] ok
2026-09-29T13:04:47Z 00O t07[004] ok
2026-09-29T13:04:48Z 00O t07[005] ok
2026-09-29T13:04:48Z 00O t07[006] ok
2026-09-29T13:04:48Z 00O t07[007] ok
2026-09-29T13:04:48Z 00O t07[008] ok
2026-09-29T13:04:48Z 00O t07[009] ok
2026-09-29T13:04:49Z 00O t07[010] ok
2026-09-29T13:04:49Z 00O t07[011] ok
2026-09-29T13:04:49Z 00O t07[012] ok
2026-09-29T13:04:49Z 00O t07[013] ok
2026-09-29T13:04:49Z 00O t07[014] ok
2026-09-29T13:04:50Z 00O t07[015] ok
2026-09-29T13:04:50Z 00O t07[016] ok
2026-09-29T13:04:50Z 00O t07[017] ok
2026-09-29T13:04:50Z 00O t07[018] ok
2026-09-29T13:04:50Z 00O t07[019] ok
2026-09-29T13:04:51Z 00O t07[020] ok
2026-09-29T13:04:51Z 00O t07[021] ok
2026-09-29T13:04:51Z 00O t07[022] ok
2026-09-29T13:04:51Z 00O t07[023] ok
2026-09-29T13:04:51Z 00O t07[024] ok
2026-09-29T13:04:52Z 00O t07[025] ok
2026-09-29T13:04:52Z 00O t07[026] ok
2026-09-29T13:04:52Z 00O t07[027] ok
2026-09-29T13:04:52Z 00O t07[028] ok
2026-09-29T13:04:52Z 00O t07[029] ok
2026-09-29T13:04:53Z 00O t07[030] ok
2026-09-29T13:04:53Z 00O t07[031] ok
2026-09-29T13:04:53Z 00O t07[032] ok
2026-09-29T13:04:53Z 00O t07[033] ok
2026-09-29T13:04:53Z 00O t07[034] ok
2026-09-29T13:04:54Z 00O t07[035] ok
2026-09-29T13:04:54Z 00O t07[036] ok
2026-09-29T13:04:54Z 00O t07[037] ok
2026-09-29T13:04:54Z 00O t07[038] ok
2026-09-29T13:04:54Z 00O t07[039] ok
2026-09-29T13:04:55Z 00O t07[040] ok
2026-09-29T13:04:55Z 00O t07[041] ok
2026-09-29T13:04:55Z 00O t07[042] ok
2026-09-29T13:04:55Z 00O t07[043] ok
2026-09-29T13:04:55Z 00O t07[044] ok
2026-09-29T13:04:56Z 00O t07[045] ok
2026-09-29T13:04:56Z 00O t07[046] ok
2026-09-29T13:04:56Z 00O t07[047] ok
2026-09-29T13:04:56Z 00O t07[048] ok
2026-09-29T13:04:56Z 00O t07[049] ok
2026-09-29T13:04:57Z 00O t07[050] ok
2026-09-29T13:04:57Z 00O t07[051] ok
2026-09-29T13:04:57Z 00O t07[052] ok
2026-09-29T13:04:57Z 00O t07[053] ok
2026-09-29T13:04:57Z 00O t07[054] ok
2026-09-29T13:04:58Z 00O t07[055] ok
2026-09-29T13:04:58Z 00O t07[056] ok
2026-09-29T13:04:58Z 00O t07[057] ok
2026-09-29T13:04:58Z 00O t07[058] ok
2026-09-29T13:04:58Z 00O t07[059] ok
2026-09-29T13:04:59Z 00O t07[060] ok
2026-09-29T13:04:59Z 00O t07[061] ok
2026-09-29T13:04:59Z 00O t07[062] ok
2026-09-29T13:04:59Z 00O t07[063] ok
2026-09-29T13:04:59Z 00O t07[064] ok
2026-09-29T13:05:00Z 00O t07[065] ok
2026-09-29T13:05:00Z 00O t07[066] ok
2026-09-29T13:05:00Z 00O t07[067] ok
2026-09-29T13:05:00Z 00O t07[068] ok
2026-09-29T13:05:00Z 00O t07[069] ok
2026-09-29T13:05:01Z 00O t07[070] ok
2026-09-29T13:05:01Z 00O t07[071] ok
2026-09-29T13:05:01Z 00O t07[072] ok
2026-09-29T13:05:01Z 00O t07[073] ok
2026-09-29T13:05:01Z 00O t07[074] ok
2026-09-29T13:05:02Z 00O t07[075] ok
2026-09-29T13:05:02Z 00O t07[076] ok
2026-09-29T13:05:02Z 00O t07[077] ok
2026-09-29T13:05:02Z 00O t07[078] ok
2026-09-29T13:05:02Z 00O t07[079] ok
2026-09-29T13:05:03Z 00O t07[080] ok
2026-09-29T13:05:03Z 00O t07[081] ok
2026-09-29T13:05:03Z 00O t07[082] ok
2026-09-29T13:05:03Z 00O t07[083] ok
2026-09-29T13:05:03Z 00O t07[084] ok
2026-09-29T13:05:04Z 00O t07[085] ok
2026-09-29T13:05:04Z 00O t07[086] ok
2026-09-29T13:05:04Z 00O t07[087] ok
2026-09-29T13:05:04Z 00O t07[088] ok
2026-09-29T13:05:04Z 00O t07[089] ok
2026-09-29T13:05:05Z 00O t07[090] ok
2026-09-29T13:05:05Z 00O t07[091] ok
2026-09-29T13:05:05Z 00O t07[092] ok
2026-09-29T13:05:05Z 00O t07[093] ok
2026-09-29T13:05:05Z 00O t07[094] ok
2026-09-29T13:05:06Z 00O t07[095] ok
2026-09-29T13:05:06Z 00O t07[096] ok
2026-09-29T13:05:06Z 00O t07[097] ok
2026-09-29T13:05:06Z 00O t07[098] ok
2026-09-29T13:05:06Z 00O t07[099] ok
2026-09-29T13:05:07Z 00O t07[100] ok
2026-09-29T13:05:07Z 00O t07[101] ok
2026-09-29T13:05:07Z 00O t07[102] ok
2026-09-29T13:05:07Z 00O t07[103] ok
2026-09-29T13:05:07Z 00O t07[104] ok
2026-09-29T13:05:08Z 00O t07[105] ok
2026-09-29T13:05:08Z 00O t07[106] ok
2026-09-29T13:05:08Z 00O t07[107] ok
2026-09-29T13:05:08Z 00O t07[108] ok
2026-09-29T13:05:08Z 00O t07[109] ok
2026-09-29T13:05:09Z 00O t07[110] ok
2026-09-29T13:05:09Z 00O t07[111] ok
2026-09-29T13:05:09Z 00O t07[112] ok
2026-09-29T13:05:09Z 00O t07[113] ok
2026-09-29T13:05:09Z 00O t07[114] ok
2026-09-29T13:05:10Z 00O t07[115] ok
2026-09-29T13:05:10Z 00O t07[116] ok
2026-09-29T13:05:10Z 00O t07[117] ok
2026-09-29T13:05:10Z 00O t07[118] ok
2026-09-29T13:05:10Z 00O t07[119] ok
2026-09-29T13:05:11Z 00O t07[120] ok
2026-09-29T13:05:11Z 00O t07[121] ok
2026-09-29T13:05:11Z 00O t07[122] ok
2026-09-29T13:05:11Z 00O t07[123] ok
2026-09-29T13:05:11Z 00O t07[124] ok
2026-09-29T13:05:12Z 00O t07[125] ok
2026-09-29T13:05:12Z 00O t07[126] ok
2026-09-29T13:05:12Z 00O t07[127] ok
2026-09-29T13:05:12Z 00O t07[128] ok
2026-09-29T13:05:12Z 00O t07[129] ok
2026-09-29T13:05:13Z 00O t07[130] ok
2026-09-29T13:05:13Z 00O t07[131] ok
2026-09-29T13:05:13Z 00O t07[132] ok
2026-09-29T13:05:13Z 00O t07[133] ok
2026-09-29T13:05:13Z 00O t07[134] ok
2026-09-29T13:05:14Z 00O t07[135] ok
2026-09-29T13:05:14Z 00O t07[136] ok
2026-09-29T13:05:14Z 00O t07[137] ok
2026-09-29T13:05:14Z 00O t07[138] ok
2026-09-29T13:05:14Z 00O t07[139] ok
2026-09-29T13:05:15Z 00O t07[140] ok
2026-09-29T13:05:15Z 00O t07[141] ok
2026-09-29T13:05:15Z 00O t07[142] ok
2026-09-29T13:05:15Z 00O t07[143] ok
2026-09-29T13:05:15Z 00O t07[144] ok
2026-09-29T13:05:16Z 00O t07[145] ok
2026-09-29T13:05:16Z 00O t07[146] ok
2026-09-29T13:05:16Z 00O t07[147] ok
2026-09-29T13:05:16Z 00O t07[148] ok
2026-09-29T13:05:16Z 00O t07[149] ok
2026-09-29T13:05:17Z 00O t07[150] ok
2026-09-29T13:05:17Z 00O t07[151] ok
2026-09-29T13:05:17Z 00O t07[152] ok
2026-09-29T13:05:17Z 00O t07[153] ok
2026-09-29T13:05:17Z 00O t07[154] ok
2026-09-29T13:05:18Z 00O t07[155] ok
2026-09-29T13:05:18Z 00O t07[156] ok
2026-09-29T13:05:18Z 00O t07[157] ok
2026-09-29T13:05:18Z 00O t07[158] ok
2026-09-29T13:05:18Z 00O t07[159] ok
2026-09-29T13:05:19Z 00O t07[160] ok
2026-09-29T13:05:19Z 00O t07[161] ok
2026-09-29T13:05:19Z 00O t07[162] ok
2026-09-29T13:05:19Z 00O t07[163] ok
2026-09-29T13:05:19Z 00O t07[164] ok
2026-09-29T13:05:20Z 00O t07[165] ok
2026-09-29T13:05:20Z 00O t07[166] ok
2026-09-29T13:05:20Z 00O t07[167] ok
2026-09-29T13:05:20Z 00O t07[168] ok
2026-09-29T13:05:20Z 00O t07[169] ok
2026-09-29T13:05:21Z 00O t07[170] ok
2026-09-29T13:05:21Z 00O t07[171] ok
2026-09-29T13:05:21Z 00O t07[172] ok
2026-09-29T13:05:21Z 00O t07[173] ok
2026-09-29T13:05:21Z 00O t07[174] ok
2026-09-29T13:05:22Z 00O t07[175] ok
2026-09-29T13:05:22Z 00O t07[176] ok
2026-09-29T13:05:22Z 00O t07[177] ok
2026-09-29T13:05:22Z 00O t07[178] ok
2026-09-29T13:05:22Z 00O t07[179] ok
2026-09-29T13:05:23Z 00O t07[180] ok
2026-09-29T13:05:23Z 00O t07[181] ok
2026-09-29T13:05:23Z 00O t07[182] ok
2026-09-29T13:05:23Z 00O t07[183] ok
2026-09-29T13:05:23Z 00O t07[184] ok
2026-09-29T13:05:24Z 00O t07[185] ok
2026-09-29T13:05:24Z 00O t07[186] ok
2026-09-29T13:05:24Z 00O t07[187] ok
2026-09-29T13:05:24Z 00O t07[188] ok
2026-09-29T13:05:24Z 00O t07[189] ok
2026-09-29T13:05:25Z 00O t07[190] ok
2026-09-29T13:05:25Z 00O t07[191] ok
2026-09-29T13:05:25Z 00O t07[192] ok
2026-09-29T13:05:25Z 00O t07[193] ok
2026-09-29T13:05:25Z 00O t07[194] ok
2026-09-29T13:05:26Z 00O t07[195] ok
2026-09-29T13:05:26Z 00O t07[196] ok
2026-09-29T13:05:26Z 00O t07[197] ok
2026-09-29T13:05:26Z 00O t07[198] ok
2026-09-29T13:05:26Z 00O t07[199] ok
2026-09-29T13:05:27Z 00O t08[000] ok
2026-09-29T13:05:27Z 00O t08[001] ok
2026-09-29T13:05:27Z 00O t08[002] ok
2026-09-29T13:05:27Z 00O t08[003] ok
2026-09-29T13:05:27Z 00O t08[004] ok
2026-09-29T13:05:28Z 00O t08[005] ok
2026-09-29T13:05:28Z 00O t08[006] ok
2026-09-29T13:05:28Z 00O t08[007] ok
2026-09-29T13:05:28Z 00O t08[008] ok
2026-09-29T13:05:28Z 00O t08[009] ok
2026-09-29T13:05:29Z 00O t08[010] ok
2026-09-29T13:05:29Z 00O t08[011] ok
2026-09-29T13:05:29Z 00O t08[012] ok
2026-09-29T13:05:29Z 00O t08[013] ok
2026-09-29T13:05:29Z 00O t08[014] ok
2026-09-29T13:05:30Z 00O t08[015] ok
2026-09-29T13:05:30Z 00O t08[016] ok
2026-09-29T13:05:30Z 00O t08[017] ok
2026-09-29T13:05:30Z 00O t08[018] ok
2026-09-29T13:05:30Z 00O t08[019] ok
2026-09-29T13:05:31Z 00O t08[020] ok
2026-09-29T13:05:31Z 00O t08[021] ok
2026-09-29T13:05:31Z 00O t08[022] ok
2026-09-29T13:05:31Z 00O t08[023] ok
2026-09-29T13:05:31Z 00O t08[024] ok
2026-09-29T13:05:32Z 00O t08[025] ok
2026-09-29T13:05:32Z 00O t08[026] ok
2026-09-29T13:05:32Z 00O t08[027] ok
2026-09-29T13:05:32Z 00O t08[028] ok
2026-09-29T13:05:32Z 00O t08[029] ok
2026-09-29T13:05:33Z 00O t08[030] ok
2026-09-29T13:05:33Z 00O t08[031] ok
2026-09-29T13:05:33Z 00O t08[032] ok
2026-09-29T13:05:33Z 00O t08[033] ok
2026-09-29T13:05:33Z 00O t08[034] ok
2026-09-29T13:05:34Z 00O t08[035] ok
2026-09-29T13:05:34Z 00O t08[036] ok
2026-09-29T13:05:34Z 00O t08[037] ok
2026-09-29T13:05:34Z 00O t08[038] ok
2026-09-29T13:05:34Z 00O t08[039] ok
2026-09-29T13:05:35Z 00O t08[040] ok
2026-09-29T13:05:35Z 00O t08[041] ok
2026-09-29T13:05:35Z 00O t08[042] ok
2026-09-29T13:05:35Z 00O t08[043] ok
2026-09-29T13:05:35Z 00O t08[044] ok
2026-09-29T13:05:36Z 00O t08[045] ok
2026-09-29T13:05:36Z 00O t08[046] ok
2026-09-29T13:05:36Z 00O t08[047] ok
2026-09-29T13:05:36Z 00O t08[048] ok
2026-09-29T13:05:36Z 00O t08[049] ok
2026-09-29T13:05:37Z 00O t08[050] ok
2026-09-29T13:05:37Z 00O t08[051] ok
2026-09-29T13:05:37Z 00O t08[052] ok
2026-09-29T13:05:37Z 00O t08[053] ok
2026-09-29T13:05:37Z 00O t08[054] ok
2026-09-29T13:05:38Z 00O t08[055] ok
2026-09-29T13:05:38Z 00O t08[056] ok
2026-09-29T13:05:38Z 00O t08[057] ok
2026-09-29T13:05:38Z 00O t08[058] ok
2026-09-29T13:05:38Z 00O t08[059] ok
2026-09-29T13:05:39Z 00O t08[060] ok
2026-09-29T13:05:39Z 00O t08[061] ok
2026-09-29T13:05:39Z 00O t08[062] ok
2026-09-29T13:05:39Z 00O t08[063] ok
2026-09-29T13:05:39Z 00O t08[064] ok
2026-09-29T13:05:40Z 00O t08[065] ok
2026-09-29T13:05:40Z 00O t08[066] ok
2026-09-29T13:05:40Z 00O t08[067] ok
2026-09-29T13:05:40Z 00O t08[068] ok
2026-09-29T13:05:40Z 00O t08[069] ok
2026-09-29T13:05:41Z 00O t08[070] ok
2026-09-29T13:05:41Z 00O t08[071] ok
2026-09-29T13:05:41Z 00O t08[072] ok
2026-09-29T13:05:41Z 00O t08[073] ok
2026-09-29T13:05:41Z 00O t08[074] ok
2026-09-29T13:05:42Z 00O t08[075] ok
2026-09-29T13:05:42Z 00O t08[076] ok
2026-09-29T13:05:42Z 00O t08[077] ok
2026-09-29T13:05:42Z 00O t08[078] ok
2026-09-29T13:05:42Z 00O t08[079] ok
2026-09-29T13:05:43Z 00O t08[080] ok
2026-09-29T13:05:43Z 00O t08[081] ok
2026-09-29T13:05:43Z 00O t08[082] ok
2026-09-29T13:05:43Z 00O t08[083] ok
2026-09-29T13:05:43Z 00O t08[084] ok
2026-09-29T13:05:44Z 00O t08[085] ok
2026-09-29T13:05:44Z 00O t08[086] ok
2026-09-29T13:05:44Z 00O t08[087] ok
2026-09-29T13:05:44Z 00O t08[088] ok
2026-09-29T13:05:44Z 00O t08[089] ok
2026-09-29T13:05:45Z 00O t08[090] ok
2026-09-29T13:05:45Z 00O t08[091] ok
2026-09-29T13:05:45Z 00O t08[092] ok
2026-09-29T13:05:45Z 00O t08[093] ok
2026-09-29T13:05:45Z 00O t08[094] ok
2026-09-29T13:05:46Z 00O t08[095] ok
2026-09-29T13:05:46Z 00O t08[096] ok
2026-09-29T13:05:46Z 00O t08[097] ok
2026-09-29T13:05:46Z 00O t08[098] ok
2026-09-29T13:05:46Z 00O t08[099] ok
2026-09-29T13:05:47Z 00O t08[100] ok
2026-09-29T13:05:47Z 00O t08[101] ok
2026-09-29T13:05:47Z 00O t08[102] ok
2026-09-29T13:05:47Z 00O t08[103] ok
2026-09-29T13:05:47Z 00O t08[104] ok
2026-09-29T13:05:48Z 00O t08[105] ok
2026-09-29T13:05:48Z 00O t08[106] ok
2026-09-29T13:05:48Z 00O t08[107] ok
2026-09-29T13:05:48Z 00O t08[108] ok
2026-09-29T13:05:48Z 00O t08[109] ok
2026-09-29T13:05:49Z 00O t08[110] ok
2026-09-29T13:05:49Z 00O t08[111] ok
2026-09-29T13:05:49Z 00O t08[112] ok
2026-09-29T13:05:49Z 00O t08[113] ok
2026-09-29T13:05:49Z 00O t08[114] ok
2026-09-29T13:05:50Z 00O t08[115] ok
2026-09-29T13:05:50Z 00O t08[116] ok
2026-09-29T13:05:50Z 00O t08[117] ok
2026-09-29T13:05:50Z 00O t08[118] ok
2026-09-29T13:05:50Z 00O t08[119] ok
2026-09-29T13:05:51Z 00O t08[120] ok
2026-09-29T13:05:51Z 00O t08[121] ok
2026-09-29T13:05:51Z 00O t08[122] ok
2026-09-29T13:05:51Z 00O t08[123] ok
2026-09-29T13:05:51Z 00O t08[124] ok
2026-09-29T13:05:52Z 00O t08[125] ok
2026-09-29T13:05:52Z 00O t08[126] ok
2026-09-29T13:05:52Z 00O t08[127] ok
2026-09-29T13:05:52Z 00O t08[128] ok
2026-09-29T13:05:52Z 00O t08[129] ok
2026-09-29T13:05:53Z 00O t08[130] ok
2026-09-29T13:05:53Z 00O t08[131] ok
2026-09-29T13:05:53Z 00O t08[132] ok
2026-09-29T13:05:53Z 00O t08[133] ok
2026-09-29T13:05:53Z 00O t08[134] ok
2026-09-29T13:05:54Z 00O t08[135] ok
2026-09-29T13:05:54Z 00O t08[136] ok
2026-09-29T13:05:54Z 00O t08[137] ok
2026-09-29T13:05:54Z 00O t08[138] ok
2026-09-29T13:05:54Z 00O t08[139] ok
2026-09-29T13:05:55Z 00O t08[140] ok
2026-09-29T13:05:55Z 00O t08[141] ok
2026-09-29T13:05:55Z 00O t08[142] ok
2026-09-29T13:05:55Z 00O t08[143] ok
2026-09-29T13:05:55Z 00O t08[144] ok
2026-09-29T13:05:56Z 00O t08[145] ok
2026-09-29T13:05:56Z 00O t08[146] ok
2026-09-29T13:05:56Z 00O t08[147] ok
2026-09-29T13:05:56Z 00O t08[148] ok
2026-09-29T13:05:56Z 00O t08[149] ok
2026-09-29T13:05:57Z 00O t08[150] ok
2026-09-29T13:05:57Z 00O t08[151] ok
2026-09-29T13:05:57Z 00O t08[152] ok
2026-09-29T13:05:57Z 00O t08[153] ok
2026-09-29T13:05:57Z 00O t08[154] ok
2026-09-29T13:05:58Z 00O t08[155] ok
2026-09-29T13:05:58Z 00O t08[156] ok
2026-09-29T13:05:58Z 00O t08[157] ok
2026-09-29T13:05:58Z 00O t08[158] ok
2026-09-29T13:05:58Z 00O t08[159] ok
2026-09-29T13:05:59Z 00O t08[160] ok
2026-09-29T13:05:59Z 00O t08[161] ok
2026-09-29T13:05:59Z 00O t08[162] ok
2026-09-29T13:05:59Z 00O t08[163] ok
2026-09-29T13:05:59Z 00O t08[164] ok
2026-09-29T13:06:00Z 00O t08[165] ok
2026-09-29T13:06:00Z 00O t08[166] ok
2026-09-29T13:06:00Z 00O t08[167] ok
2026-09-29T13:06:00Z 00O t08[168] ok
2026-09-29T13:06:00Z 00O t08[169] ok
2026-09-29T13:06:01Z 00O t08[170] ok
2026-09-29T13:06:01Z 00O t08[171] ok
2026-09-29T13:06:01Z 00O t08[172] ok
2026-09-29T13:06:01Z 00O t08[173] ok
2026-09-29T13:06:01Z 00O t08[174] ok
2026-09-29T13:06:02Z 00O t08[175] ok
2026-09-29T13:06:02Z 00O t08[176] ok
2026-09-29T13:06:02Z 00O t08[177] ok
2026-09-29T13:06:02Z 00O t08[178] ok
2026-09-29T13:06:02Z 00O t08[179] ok
2026-09-29T13:06:03Z 00O t08[180] ok
2026-09-29T13:06:03Z 00O t08[181] ok
2026-09-29T13:06:03Z 00O t08[182] ok
2026-09-29T13:06:03Z 00O t08[183] ok
2026-09-29T13:06:03Z 00O t08[184] ok
2026-09-29T13:06:04Z 00O t08[185] ok
2026-09-29T13:06:04Z 00O t08[186] ok
2026-09-29T13:06:04Z 00O t08[187] ok
2026-09-29T13:06:04Z 00O t08[188] ok
2026-09-29T13:06:04Z 00O t08[189] ok
2026-09-29T13:06:05Z 00O t08[190] ok
2026-09-29T13:06:05Z 00O t08[191] ok
2026-09-29T13:06:05Z 00O t08[192] ok
2026-09-29T13:06:05Z 00O t08[193] ok
2026-09-29T13:06:05Z 00O t08[194] ok
2026-09-29T13:06:06Z 00O t08[195] ok
2026-09-29T13:06:06Z 00O t08[196] ok
2026-09-29T13:06:06Z 00O t08[197] ok
2026-09-29T13:06:06Z 00O t08[198] ok
2026-09-29T13:06:06Z 00O t08[199] ok
2026-09-29T13:06:07Z 00O t09[000] ok
2026-09-29T13:06:07Z 00O t09[001] ok
2026-09-29T13:06:07Z 00O t09[002] ok
2026-09-29T13:06:07Z 00O t09[003] ok
2026-09-29T13:06:07Z 00O t09[004] ok
2026-09-29T13:06:08Z 00O t09[005] ok
2026-09-29T13:06:08Z 00O t09[006] ok
2026-09-29T13:06:08Z 00O t09[007] ok
2026-09-29T13:06:08Z 00O t09[008] ok
2026-09-29T13:06:08Z 00O t09[009] ok
2026-09-29T13:06:09Z 00O t09[010] ok
2026-09-29T13:06:09Z 00O t09[011] ok
2026-09-29T13:06:09Z 00O t09[012] ok
2026-09-29T13:06:09Z 00O t09[013] ok
2026-09-29T13:06:09Z 00O t09[014] ok
2026-09-29T13:06:10Z 00O t09[015] ok
2026-09-29T13:06:10Z 00O t09[016] ok
2026-09-29T13:06:10Z 00O t09[017] ok
2026-09-29T13:06:10Z 00O t09[018] ok
2026-09-29T13:06:10Z 00O t09[019] ok
2026-09-29T13:06:11Z 00O t09[020] ok
2026-09-29T13:06:11Z 00O t09[021] ok
2026-09-29T13:06:11Z 00O t09[022] ok
2026-09-29T13:06:11Z 00O t09[023] ok
2026-09-29T13:06:11Z 00O t09[024] ok
2026-09-29T13:06:12Z 00O t09[025] ok
2026-09-29T13:06:12Z 00O t09[026] ok
2026-09-29T13:06:12Z 00O t09[027] ok
2026-09-29T13:06:12Z 00O t09[028] ok
2026-09-29T13:06:12Z 00O t09[029] ok
2026-09-29T13:06:13Z 00O t09[030] ok
2026-09-29T13:06:13Z 00O t09[031] ok
2026-09-29T13:06:13Z 00O t09[032] ok
2026-09-29T13:06:13Z 00O t09[033] ok
2026-09-29T13:06:13Z 00O t09[034] ok
2026-09-29T13:06:14Z 00O t09[035] ok
2026-09-29T13:06:14Z 00O t09[036] ok
2026-09-29T13:06:14Z 00O t09[037] ok
2026-09-29T13:06:14Z 00O t09[038] ok
2026-09-29T13:06:14Z 00O t09[039] ok
2026-09-29T13:06:15Z 00O t09[040] ok
2026-09-29T13:06:15Z 00O t09[041] ok
2026-09-29T13:06:15Z 00O t09[042] ok
2026-09-29T13:06:15Z 00O t09[043] ok
2026-09-29T13:06:15Z 00O t09[044] ok
2026-09-29T13:06:16Z 00O t09[045] ok
2026-09-29T13:06:16Z 00O t09[046] ok
2026-09-29T13:06:16Z 00O t09[047] ok
2026-09-29T13:06:16Z 00O t09[048] ok
2026-09-29T13:06:16Z 00O t09[049] ok
2026-09-29T13:06:17Z 00O t09[050] ok
2026-09-29T13:06:17Z 00O t09[051] ok
2026-09-29T13:06:17Z 00O t09[052] ok
2026-09-29T13:06:17Z 00O t09[053] ok
2026-09-29T13:06:17Z 00O t09[054] ok
2026-09-29T13:06:18Z 00O t09[055] ok
2026-09-29T13:06:18Z 00O t09[056] ok
2026-09-29T13:06:18Z 00O t09[057] ok
2026-09-29T13:06:18Z 00O t09[058] ok
2026-09-29T13:06:18Z 00O t09[059] ok
2026-09-29T13:06:19Z 00O t09[060] ok
2026-09-29T13:06:19Z 00O t09[061] ok
2026-09-29T13:06:19Z 00O t09[062] ok
2026-09-29T13:06:19Z 00O t09[063] ok
2026-09-29T13:06:19Z 00O t09[064] ok
2026-09-29T13:06:20Z 00O t09[065] ok
2026-09-29T13:06:20Z 00O t09[066] ok
2026-09-29T13:06:20Z 00O t09[067] ok
2026-09-29T13:06:20Z 00O t09[068] ok
2026-09-29T13:06:20Z 00O t09[069] ok
2026-09-29T13:06:21Z 00O t09[070] ok
2026-09-29T13:06:21Z 00O t09[071] ok
2026-09-29T13:06:21Z 00O t09[072] ok
2026-09-29T13:06:21Z 00O t09[073] ok
2026-09-29T13:06:21Z 00O t09[074] ok
2026-09-29T13:06:22Z 00O t09[075] ok
2026-09-29T13:06:22Z 00O t09[076] ok
2026-09-29T13:06:22Z 00O t09[077] ok
2026-09-29T13:06:22Z 00O t09[078] ok
2026-09-29T13:06:22Z 00O t09[079] ok
2026-09-29T13:06:23Z 00O t09[080] ok
2026-09-29T13:06:23Z 00O t09[081] ok
2026-09-29T13:06:23Z 00O t09[082] ok
2026-09-29T13:06:23Z 00O t09[083] ok
2026-09-29T13:06:23Z 00O t09[084] ok
2026-09-29T13:06:24Z 00O t09[085] ok
2026-09-29T13:06:24Z 00O t09[086] ok
2026-09-29T13:06:24Z 00O t09[087] ok
2026-09-29T13:06:24Z 00O t09[088] ok
2026-09-29T13:06:24Z 00O t09[089] ok
2026-09-29T13:06:25Z 00O t09[090] ok
2026-09-29T13:06:25Z 00O t09[091] ok
2026-09-29T13:06:25Z 00O t09[092] ok
2026-09-29T13:06:25Z 00O t09[093] ok
2026-09-29T13:06:25Z 00O t09[094] ok
2026-09-29T13:06:26Z 00O t09[095] ok
2026-09-29T13:06:26Z 00O t09[096] ok
2026-09-29T13:06:26Z 00O t09[097] ok
2026-09-29T13:06:26Z 00O t09[098] ok
2026-09-29T13:06:26Z 00O t09[099] ok
2026-09-29T13:06:27Z 00O t09[100] ok
2026-09-29T13:06:27Z 00O t09[101] ok
2026-09-29T13:06:27Z 00O t09[102] ok
2026-09-29T13:06:27Z 00O t09[103] ok
2026-09-29T13:06:27Z 00O t09[104] ok
2026-09-29T13:06:28Z 00O t09[105] ok
2026-09-29T13:06:28Z 00O t09[106] ok
2026-09-29T13:06:28Z 00O t09[107] ok
2026-09-29T13:06:28Z 00O t09[108] ok
2026-09-29T13:06:28Z 00O t09[109] ok
2026-09-29T13:06:29Z 00O t09[110] ok
2026-09-29T13:06:29Z 00O t09[111] ok
2026-09-29T13:06:29Z 00O t09[112] ok
2026-09-29T13:06:29Z 00O t09[113] ok
2026-09-29T13:06:29Z 00O t09[114] ok
2026-09-29T13:06:30Z 00O t09[115] ok
2026-09-29T13:06:30Z 00O t09[116] ok
2026-09-29T13:06:30Z 00O t09[117] ok
2026-09-29T13:06:30Z 00O t09[118] ok
2026-09-29T13:06:30Z 00O t09[119] ok
2026-09-29T13:06:31Z 00O t09[120] ok
2026-09-29T13:06:31Z 00O t09[121] ok
2026-09-29T13:06:31Z 00O t09[122] ok
2026-09-29T13:06:31Z 00O t09[123] ok
2026-09-29T13:06:31Z 00O t09[124] ok
2026-09-29T13:06:32Z 00O t09[125] ok
2026-09-29T13:06:32Z 00O t09[126] ok
2026-09-29T13:06:32Z 00O t09[127] ok
2026-09-29T13:06:32Z 00O t09[128] ok
2026-09-29T13:06:32Z 00O t09[129] ok
2026-09-29T13:06:33Z 00O t09[130] ok
2026-09-29T13:06:33Z 00O t09[131] ok
2026-09-29T13:06:33Z 00O t09[132] ok
2026-09-29T13:06:33Z 00O t09[133] ok
2026-09-29T13:06:33Z 00O t09[134] ok
2026-09-29T13:06:34Z 00O t09[135] ok
2026-09-29T13:06:34Z 00O t09[136] ok
2026-09-29T13:06:34Z 00O t09[137] ok
2026-09-29T13:06:34Z 00O t09[138] ok
2026-09-29T13:06:34Z 00O t09[139] ok
2026-09-29T13:06:35Z 00O t09[140] ok
2026-09-29T13:06:35Z 00O t09[141] ok
2026-09-29T13:06:35Z 00O t09[142] ok
2026-09-29T13:06:35Z 00O t09[143] ok
2026-09-29T13:06:35Z 00O t09[144] ok
2026-09-29T13:06:36Z 00O t09[145] ok
2026-09-29T13:06:36Z 00O t09[146] ok
2026-09-29T13:06:36Z 00O t09[147] ok
2026-09-29T13:06:36Z 00O t09[148] ok
2026-09-29T13:06:36Z 00O t09[149] ok
2026-09-29T13:06:37Z 00O t09[150] ok
2026-09-29T13:06:37Z 00O t09[151] ok
2026-09-29T13:06:37Z 00O t09[152] ok
2026-09-29T13:06:37Z 00O t09[153] ok
2026-09-29T13:06:37Z 00O t09[154] ok
2026-09-29T13:06:38Z 00O t09[155] ok
2026-09-29T13:06:38Z 00O t09[156] ok
2026-09-29T13:06:38Z 00O t09[157] ok
2026-09-29T13:06:38Z 00O t09[158] ok
2026-09-29T13:06:38Z 00O t09[159] ok
2026-09-29T13:06:39Z 00O t09[160] ok
2026-09-29T13:06:39Z 00O t09[161] ok
2026-09-29T13:06:39Z 00O t09[162] ok
2026-09-29T13:06:39Z 00O t09[163] ok
2026-09-29T13:06:39Z 00O t09[164] ok
2026-09-29T13:06:40Z 00O t09[165] ok
2026-09-29T13:06:40Z 00O t09[166] ok
2026-09-29T13:06:40Z 00O t09[167] ok
2026-09-29T13:06:40Z 00O t09[168] ok
2026-09-29T13:06:40Z 00O t09[169] ok
2026-09-29T13:06:41Z 00O t09[170] ok
2026-09-29T13:06:41Z 00O t09[171] ok
2026-09-29T13:06:41Z 00O t09[172] ok
2026-09-29T13:06:41Z 00O t09[173] ok
2026-09-29T13:06:41Z 00O t09[174] ok
2026-09-29T13:06:42Z 00O t09[175] ok
2026-09-29T13:06:42Z 00O t09[176] ok
2026-09-29T13:06:42Z 00O t09[177] ok
2026-09-29T13:06:42Z 00O t09[178] ok
2026-09-29T13:06:42Z 00O t09[179] ok
2026-09-29T13:06:43Z 00O t09[180] ok
2026-09-29T13:06:43Z 00O t09[181] ok
2026-09-29T13:06:43Z 00O t09[182] ok
2026-09-29T13:06:43Z 00O t09[183] ok
2026-09-29T13:06:43Z 00O t09[184] ok
2026-09-29T13:06:44Z 00O t09[185] ok
2026-09-29T13:06:44Z 00O t09[186] ok
2026-09-29T13:06:44Z 00O t09[187] ok
2026-09-29T13:06:44Z 00O t09[188] ok
2026-09-29T13:06:44Z 00O t09[189] ok
2026-09-29T13:06:45Z 00O t09[190] ok
2026-09-29T13:06:45Z 00O t09[191] ok
2026-09-29T13:06:45Z 00O t09[192] ok
2026-09-29T13:06:45Z 00O t09[193] ok
2026-09-29T13:06:45Z 00O t09[194] ok
2026-09-29T13:06:46.075570Z 00O   DeprecationWarning: error_bad_lines is deprecated; use on_bad_lines instead
2026-09-29T13:06:46Z 00O t09[195] ok
2026-09-29T13:06:46Z 00O t09[196] ok
2026-09-29T13:06:46Z 00O t09[197] ok
2026-09-29T13:06:46Z 00O t09[198] ok
2026-09-29T13:06:47Z 00O t09[199] ok
2026-09-29T13:06:47Z 00O t10[000] ok
2026-09-29T13:06:47Z 00O t10[001] ok
2026-09-29T13:06:47Z 00O t10[002] ok
2026-09-29T13:06:47Z 00O t10[003] ok
2026-09-29T13:06:48Z 00O t10[004] ok
2026-09-29T13:06:48Z 00O t10[005] ok
2026-09-29T13:06:48Z 00O t10[006] ok
2026-09-29T13:06:48Z 00O t10[007] ok
2026-09-29T13:06:48Z 00O t10[008] ok
2026-09-29T13:06:49Z 00O t10[009] ok
2026-09-29T13:06:49Z 00O t10[010] ok
2026-09-29T13:06:49Z 00O t10[011] ok
2026-09-29T13:06:49Z 00O t10[012] ok
2026-09-29T13:06:49Z 00O t10[013] ok
2026-09-29T13:06:50Z 00O t10[014] ok
2026-09-29T13:06:50Z 00O t10[015] ok
2026-09-29T13:06:50Z 00O t10[016] ok
2026-09-29T13:06:50Z 00O t10[017] ok
2026-09-29T13:06:50Z 00O t10[018] ok
2026-09-29T13:06:51Z 00O t10[019] ok
2026-09-29T13:06:51Z 00O t10[020] ok
2026-09-29T13:06:51Z 00O t10[021] ok
2026-09-29T13:06:51Z 00O t10[022] ok
2026-09-29T13:06:51Z 00O t10[023] ok
2026-09-29T13:06:52Z 00O t10[024] ok
2026-09-29T13:06:52Z 00O t10[025] ok
2026-09-29T13:06:52Z 00O t10[026] ok
2026-09-29T13:06:52Z 00O t10[027] ok
2026-09-29T13:06:52Z 00O t10[028] ok
2026-09-29T13:06:53Z 00O t10[029] ok
2026-09-29T13:06:53Z 00O t10[030] ok
2026-09-29T13:06:53Z 00O t10[031] ok
2026-09-29T13:06:53Z 00O t10[032] ok
2026-09-29T13:06:53Z 00O t10[033] ok
2026-09-29T13:06:54Z 00O t10[034] ok
2026-09-29T13:06:54Z 00O t10[035] ok
2026-09-29T13:06:54Z 00O t10[036] ok
2026-09-29T13:06:54Z 00O t10[037] ok
2026-09-29T13:06:54Z 00O t10[038] ok
2026-09-29T13:06:55Z 00O t10[039] ok
2026-09-29T13:06:55Z 00O t10[040] ok
2026-09-29T13:06:55Z 00O t10[041] ok
2026-09-29T13:06:55Z 00O t10[042] ok
2026-09-29T13:06:55Z 00O t10[043] ok
2026-09-29T13:06:56Z 00O t10[044] ok
2026-09-29T13:06:56Z 00O t10[045] ok
2026-09-29T13:06:56Z 00O t10[046] ok
2026-09-29T13:06:56Z 00O t10[047] ok
2026-09-29T13:06:56Z 00O t10[048] ok
2026-09-29T13:06:57Z 00O t10[049] ok
2026-09-29T13:06:57Z 00O t10[050] ok
2026-09-29T13:06:57Z 00O t10[051] ok
2026-09-29T13:06:57Z 00O t10[052] ok
2026-09-29T13:06:57Z 00O t10[053] ok
2026-09-29T13:06:58Z 00O t10[054] ok
2026-09-29T13:06:58Z 00O t10[055] ok
2026-09-29T13:06:58Z 00O t10[056] ok
2026-09-29T13:06:58Z 00O t10[057] ok
2026-09-29T13:06:58Z 00O t10[058] ok
2026-09-29T13:06:59Z 00O t10[059] ok
2026-09-29T13:06:59Z 00O t10[060] ok
2026-09-29T13:06:59Z 00O t10[061] ok
2026-09-29T13:06:59Z 00O t10[062] ok
2026-09-29T13:06:59Z 00O t10[063] ok
2026-09-29T13:07:00Z 00O t10[064] ok
2026-09-29T13:07:00Z 00O t10[065] ok
2026-09-29T13:07:00Z 00O t10[066] ok
2026-09-29T13:07:00Z 00O t10[067] ok
2026-09-29T13:07:00Z 00O t10[068] ok
2026-09-29T13:07:01Z 00O t10[069] ok
2026-09-29T13:07:01Z 00O t10[070] ok
2026-09-29T13:07:01Z 00O t10[071] ok
2026-09-29T13:07:01Z 00O t10[072] ok
2026-09-29T13:07:01Z 00O t10[073] ok
2026-09-29T13:07:02Z 00O t10[074] ok
2026-09-29T13:07:02Z 00O t10[075] ok
2026-09-29T13:07:02Z 00O t10[076] ok
2026-09-29T13:07:02Z 00O t10[077] ok
2026-09-29T13:07:02Z 00O t10[078] ok
2026-09-29T13:07:03Z 00O t10[079] ok
2026-09-29T13:07:03Z 00O t10[080] ok
2026-09-29T13:07:03Z 00O t10[081] ok
2026-09-29T13:07:03Z 00O t10[082] ok
2026-09-29T13:07:03Z 00O t10[083] ok
2026-09-29T13:07:04Z 00O t10[084] ok
2026-09-29T13:07:04Z 00O t10[085] ok
2026-09-29T13:07:04Z 00O t10[086] ok
2026-09-29T13:07:04Z 00O t10[087] ok
2026-09-29T13:07:04Z 00O t10[088] ok
2026-09-29T13:07:05Z 00O t10[089] ok
2026-09-29T13:07:05Z 00O t10[090] ok
2026-09-29T13:07:05Z 00O t10[091] ok
2026-09-29T13:07:05Z 00O t10[092] ok
2026-09-29T13:07:05Z 00O t10[093] ok
2026-09-29T13:07:06Z 00O t10[094] ok
2026-09-29T13:07:06Z 00O t10[095] ok
2026-09-29T13:07:06Z 00O t10[096] ok
2026-09-29T13:07:06Z 00O t10[097] ok
2026-09-29T13:07:06Z 00O t10[098] ok
2026-09-29T13:07:07Z 00O t10[099] ok
2026-09-29T13:07:07Z 00O t10[100] ok
2026-09-29T13:07:07Z 00O t10[101] ok
2026-09-29T13:07:07Z 00O t10[102] ok
2026-09-29T13:07:07Z 00O t10[103] ok
2026-09-29T13:07:08Z 00O t10[104] ok
2026-09-29T13:07:08Z 00O t10[105] ok
2026-09-29T13:07:08Z 00O t10[106] ok
2026-09-29T13:07:08Z 00O t10[107] ok
2026-09-29T13:07:08Z 00O t10[108] ok
2026-09-29T13:07:09Z 00O t10[109] ok
2026-09-29T13:07:09Z 00O t10[110] ok
2026-09-29T13:07:09Z 00O t10[111] ok
2026-09-29T13:07:09Z 00O t10[112] ok
2026-09-29T13:07:09Z 00O t10[113] ok
2026-09-29T13:07:10Z 00O t10[114] ok
2026-09-29T13:07:10Z 00O t10[115] ok
2026-09-29T13:07:10Z 00O t10[116] ok
2026-09-29T13:07:10Z 00O t10[117] ok
2026-09-29T13:07:10Z 00O t10[118] ok
2026-09-29T13:07:11Z 00O t10[119] ok
2026-09-29T13:07:11Z 00O t10[120] ok
2026-09-29T13:07:11Z 00O t10[121] ok
2026-09-29T13:07:11Z 00O t10[122] ok
2026-09-29T13:07:11Z 00O t10[123] ok
2026-09-29T13:07:12Z 00O t10[124] ok
2026-09-29T13:07:12Z 00O t10[125] ok
2026-09-29T13:07:12Z 00O t10[126] ok
2026-09-29T13:07:12Z 00O t10[127] ok
2026-09-29T13:07:12Z 00O t10[128] ok
2026-09-29T13:07:13Z 00O t10[129] ok
2026-09-29T13:07:13Z 00O t10[130] ok
2026-09-29T13:07:13Z 00O t10[131] ok
2026-09-29T13:07:13Z 00O t10[132] ok
2026-09-29T13:07:13Z 00O t10[133] ok
2026-09-29T13:07:14Z 00O t10[134] ok
2026-09-29T13:07:14Z 00O t10[135] ok
2026-09-29T13:07:14Z 00O t10[136] ok
2026-09-29T13:07:14Z 00O t10[137] ok
2026-09-29T13:07:14Z 00O t10[138] ok
2026-09-29T13:07:15Z 00O t10[139] ok
2026-09-29T13:07:15Z 00O t10[140] ok
2026-09-29T13:07:15Z 00O t10[141] ok
2026-09-29T13:07:15Z 00O t10[142] ok
2026-09-29T13:07:15Z 00O t10[143] ok
2026-09-29T13:07:16Z 00O t10[144] ok
2026-09-29T13:07:16Z 00O t10[145] ok
2026-09-29T13:07:16Z 00O t10[146] ok
2026-09-29T13:07:16Z 00O t10[147] ok
2026-09-29T13:07:16Z 00O t10[148] ok
2026-09-29T13:07:17Z 00O t10[149] ok
2026-09-29T13:07:17Z 00O t10[150] ok
2026-09-29T13:07:17Z 00O t10[151] ok
2026-09-29T13:07:17Z 00O t10[152] ok
2026-09-29T13:07:17Z 00O t10[153] ok
2026-09-29T13:07:18Z 00O t10[154] ok
2026-09-29T13:07:18Z 00O t10[155] ok
2026-09-29T13:07:18Z 00O t10[156] ok
2026-09-29T13:07:18Z 00O t10[157] ok
2026-09-29T13:07:18Z 00O t10[158] ok
2026-09-29T13:07:19Z 00O t10[159] ok
2026-09-29T13:07:19Z 00O t10[160] ok
2026-09-29T13:07:19Z 00O t10[161] ok
2026-09-29T13:07:19Z 00O t10[162] ok
2026-09-29T13:07:19Z 00O t10[163] ok
2026-09-29T13:07:20Z 00O t10[164] ok
2026-09-29T13:07:20Z 00O t10[165] ok
2026-09-29T13:07:20Z 00O t10[166] ok
2026-09-29T13:07:20Z 00O t10[167] ok
2026-09-29T13:07:20Z 00O t10[168] ok
2026-09-29T13:07:21Z 00O t10[169] ok
2026-09-29T13:07:21Z 00O t10[170] ok
2026-09-29T13:07:21Z 00O t10[171] ok
2026-09-29T13:07:21Z 00O t10[172] ok
2026-09-29T13:07:21Z 00O t10[173] ok
2026-09-29T13:07:22Z 00O t10[174] ok
2026-09-29T13:07:22Z 00O t10[175] ok
2026-09-29T13:07:22Z 00O t10[176] ok
2026-09-29T13:07:22Z 00O t10[177] ok
2026-09-29T13:07:22Z 00O t10[178] ok
2026-09-29T13:07:23Z 00O t10[179] ok
2026-09-29T13:07:23Z 00O t10[180] ok
2026-09-29T13:07:23Z 00O t10[181] ok
2026-09-29T13:07:23Z 00O t10[182] ok
2026-09-29T13:07:23Z 00O t10[183] ok
2026-09-29T13:07:24Z 00O t10[184] ok
2026-09-29T13:07:24Z 00O t10[185] ok
2026-09-29T13:07:24Z 00O t10[186] ok
2026-09-29T13:07:24Z 00O t10[187] ok
2026-09-29T13:07:24Z 00O t10[188] ok
2026-09-29T13:07:25Z 00O t10[189] ok
2026-09-29T13:07:25Z 00O t10[190] ok
2026-09-29T13:07:25Z 00O t10[191] ok
2026-09-29T13:07:25Z 00O t10[192] ok
2026-09-29T13:07:25Z 00O t10[193] ok
2026-09-29T13:07:26Z 00O t10[194] ok
2026-09-29T13:07:26Z 00O t10[195] ok
2026-09-29T13:07:26Z 00O t10[196] ok
2026-09-29T13:07:26Z 00O t10[197] ok
2026-09-29T13:07:26Z 00O t10[198] ok
2026-09-29T13:07:27Z 00O t10[199] ok
2026-09-29T13:07:27Z 00O t11[000] ok
2026-09-29T13:07:27Z 00O t11[001] ok
2026-09-29T13:07:27Z 00O t11[002] ok
2026-09-29T13:07:27Z 00O t11[003] ok
2026-09-29T13:07:28Z 00O t11[004] ok
2026-09-29T13:07:28Z 00O t11[005] ok
2026-09-29T13:07:28Z 00O t11[006] ok
2026-09-29T13:07:28Z 00O t11[007] ok
2026-09-29T13:07:28Z 00O t11[008] ok
2026-09-29T13:07:29Z 00O t11[009] ok
2026-09-29T13:07:29Z 00O t11[010] ok
2026-09-29T13:07:29Z 00O t11[011] ok
2026-09-29T13:07:29Z 00O t11[012] ok
2026-09-29T13:07:29Z 00O t11[013] ok
2026-09-29T13:07:30Z 00O t11[014] ok
2026-09-29T13:07:30Z 00O t11[015] ok
2026-09-29T13:07:30Z 00O t11[016] ok
2026-09-29T13:07:30Z 00O t11[017] ok
2026-09-29T13:07:30Z 00O t11[018] ok
2026-09-29T13:07:31Z 00O t11[019] ok
2026-09-29T13:07:31Z 00O t11[020] ok
2026-09-29T13:07:31Z 00O t11[021] ok
2026-09-29T13:07:31Z 00O t11[022] ok
2026-09-29T13:07:31Z 00O t11[023] ok
2026-09-29T13:07:32Z 00O t11[024] ok
2026-09-29T13:07:32Z 00O t11[025] ok
2026-09-29T13:07:32Z 00O t11[026] ok
2026-09-29T13:07:32Z 00O t11[027] ok
2026-09-29T13:07:32Z 00O t11[028] ok
2026-09-29T13:07:33Z 00O t11[029] ok
2026-09-29T13:07:33Z 00O t11[030] ok
2026-09-29T13:07:33Z 00O t11[031] ok
2026-09-29T13:07:33Z 00O t11[032] ok
2026-09-29T13:07:33Z 00O t11[033] ok
2026-09-29T13:07:34Z 00O t11[034] ok
2026-09-29T13:07:34Z 00O t11[035] ok
2026-09-29T13:07:34Z 00O t11[036] ok
2026-09-29T13:07:34Z 00O t11[037] ok
2026-09-29T13:07:34Z 00O t11[038] ok
2026-09-29T13:07:35Z 00O t11[039] ok
2026-09-29T13:07:35Z 00O t11[040] ok
2026-09-29T13:07:35Z 00O t11[041] ok
2026-09-29T13:07:35Z 00O t11[042] ok
2026-09-29T13:07:35Z 00O t11[043] ok
2026-09-29T13:07:36Z 00O t11[044] ok
2026-09-29T13:07:36Z 00O t11[045] ok
2026-09-29T13:07:36Z 00O t11[046] ok
2026-09-29T13:07:36Z 00O t11[047] ok
2026-09-29T13:07:36Z 00O t11[048] ok
2026-09-29T13:07:37Z 00O t11[049] ok
2026-09-29T13:07:37Z 00O t11[050] ok
2026-09-29T13:07:37Z 00O t11[051] ok
2026-09-29T13:07:37Z 00O t11[052] ok
2026-09-29T13:07:37Z 00O t11[053] ok
2026-09-29T13:07:38Z 00O t11[054] ok
2026-09-29T13:07:38Z 00O t11[055] ok
2026-09-29T13:07:38Z 00O t11[056] ok
2026-09-29T13:07:38Z 00O t11[057] ok
2026-09-29T13:07:38Z 00O t11[058] ok
2026-09-29T13:07:39Z 00O t11[059] ok
2026-09-29T13:07:39Z 00O t11[060] ok
2026-09-29T13:07:39Z 00O t11[061] ok
2026-09-29T13:07:39Z 00O t11[062] ok
2026-09-29T13:07:39Z 00O t11[063] ok
2026-09-29T13:07:40Z 00O t11[064] ok
2026-09-29T13:07:40Z 00O t11[065] ok
2026-09-29T13:07:40Z 00O t11[066] ok
2026-09-29T13:07:40Z 00O t11[067] ok
2026-09-29T13:07:40Z 00O t11[068] ok
2026-09-29T13:07:41Z 00O t11[069] ok
2026-09-29T13:07:41Z 00O t11[070] ok
2026-09-29T13:07:41Z 00O t11[071] ok
2026-09-29T13:07:41Z 00O t11[072] ok
2026-09-29T13:07:41Z 00O t11[073] ok
2026-09-29T13:07:42Z 00O t11[074] ok
2026-09-29T13:07:42Z 00O t11[075] ok
2026-09-29T13:07:42Z 00O t11[076] ok
2026-09-29T13:07:42Z 00O t11[077] ok
2026-09-29T13:07:42Z 00O t11[078] ok
2026-09-29T13:07:43Z 00O t11[079] ok
2026-09-29T13:07:43Z 00O t11[080] ok
2026-09-29T13:07:43Z 00O t11[081] ok
2026-09-29T13:07:43Z 00O t11[082] ok
2026-09-29T13:07:43Z 00O t11[083] ok
2026-09-29T13:07:44Z 00O t11[084] ok
2026-09-29T13:07:44Z 00O t11[085] ok
2026-09-29T13:07:44Z 00O t11[086] ok
2026-09-29T13:07:44Z 00O t11[087] ok
2026-09-29T13:07:44Z 00O t11[088] ok
2026-09-29T13:07:45Z 00O t11[089] ok
2026-09-29T13:07:45Z 00O t11[090] ok
2026-09-29T13:07:45Z 00O t11[091] ok
2026-09-29T13:07:45Z 00O t11[092] ok
2026-09-29T13:07:45Z 00O t11[093] ok
2026-09-29T13:07:46Z 00O t11[094] ok
2026-09-29T13:07:46Z 00O t11[095] ok
2026-09-29T13:07:46Z 00O t11[096] ok
2026-09-29T13:07:46Z 00O t11[097] ok
2026-09-29T13:07:46Z 00O t11[098] ok
2026-09-29T13:07:47Z 00O t11[099] ok
2026-09-29T13:07:47Z 00O t11[100] ok
2026-09-29T13:07:47Z 00O t11[101] ok
2026-09-29T13:07:47Z 00O t11[102] ok
2026-09-29T13:07:47Z 00O t11[103] ok
2026-09-29T13:07:48Z 00O t11[104] ok
2026-09-29T13:07:48Z 00O t11[105] ok
2026-09-29T13:07:48Z 00O t11[106] ok
2026-09-29T13:07:48Z 00O t11[107] ok
2026-09-29T13:07:48Z 00O t11[108] ok
2026-09-29T13:07:49Z 00O t11[109] ok
2026-09-29T13:07:49Z 00O t11[110] ok
2026-09-29T13:07:49Z 00O t11[111] ok
2026-09-29T13:07:49Z 00O t11[112] ok
2026-09-29T13:07:49Z 00O t11[113] ok
2026-09-29T13:07:50Z 00O t11[114] ok
2026-09-29T13:07:50Z 00O t11[115] ok
2026-09-29T13:07:50Z 00O t11[116] ok
2026-09-29T13:07:50Z 00O t11[117] ok
2026-09-29T13:07:50Z 00O t11[118] ok
2026-09-29T13:07:51Z 00O t11[119] ok
2026-09-29T13:07:51Z 00O t11[120] ok
2026-09-29T13:07:51Z 00O t11[121] ok
2026-09-29T13:07:51Z 00O t11[122] ok
2026-09-29T13:07:51Z 00O t11[123] ok
2026-09-29T13:07:52Z 00O t11[124] ok
2026-09-29T13:07:52Z 00O t11[125] ok
2026-09-29T13:07:52Z 00O t11[126] ok
2026-09-29T13:07:52Z 00O t11[127] ok
2026-09-29T13:07:52Z 00O t11[128] ok
2026-09-29T13:07:53Z 00O t11[129] ok
2026-09-29T13:07:53Z 00O t11[130] ok
2026-09-29T13:07:53Z 00O t11[131] ok
2026-09-29T13:07:53Z 00O t11[132] ok
2026-09-29T13:07:53Z 00O t11[133] ok
2026-09-29T13:07:54Z 00O t11[134] ok
2026-09-29T13:07:54Z 00O t11[135] ok
2026-09-29T13:07:54Z 00O t11[136] ok
2026-09-29T13:07:54Z 00O t11[137] ok
2026-09-29T13:07:54Z 00O t11[138] ok
2026-09-29T13:07:55Z 00O t11[139] ok
2026-09-29T13:07:55Z 00O t11[140] ok
2026-09-29T13:07:55Z 00O t11[141] ok
2026-09-29T13:07:55Z 00O t11[142] ok
2026-09-29T13:07:55Z 00O t11[143] ok
2026-09-29T13:07:56Z 00O t11[144] ok
2026-09-29T13:07:56Z 00O t11[145] ok
2026-09-29T13:07:56Z 00O t11[146] ok
2026-09-29T13:07:56Z 00O t11[147] ok
2026-09-29T13:07:56Z 00O t11[148] ok
2026-09-29T13:07:57Z 00O t11[149] ok
2026-09-29T13:07:57Z 00O t11[150] ok
2026-09-29T13:07:57Z 00O t11[151] ok
2026-09-29T13:07:57Z 00O t11[152] ok
2026-09-29T13:07:57Z 00O t11[153] ok
2026-09-29T13:07:58Z 00O t11[154] ok
2026-09-29T13:07:58Z 00O t11[155] ok
2026-09-29T13:07:58Z 00O t11[156] ok
2026-09-29T13:07:58Z 00O t11[157] ok
2026-09-29T13:07:58Z 00O t11[158] ok
2026-09-29T13:07:59Z 00O t11[159] ok
2026-09-29T13:07:59Z 00O t11[160] ok
2026-09-29T13:07:59Z 00O t11[161] ok
2026-09-29T13:07:59Z 00O t11[162] ok
2026-09-29T13:07:59Z 00O t11[163] ok
2026-09-29T13:08:00Z 00O t11[164] ok
2026-09-29T13:08:00Z 00O t11[165] ok
2026-09-29T13:08:00Z 00O t11[166] ok
2026-09-29T13:08:00Z 00O t11[167] ok
2026-09-29T13:08:00Z 00O t11[168] ok
2026-09-29T13:08:01Z 00O t11[169] ok
2026-09-29T13:08:01Z 00O t11[170] ok
2026-09-29T13:08:01Z 00O t11[171] ok
2026-09-29T13:08:01Z 00O t11[172] ok
2026-09-29T13:08:01Z 00O t11[173] ok
2026-09-29T13:08:02Z 00O t11[174] ok
2026-09-29T13:08:02Z 00O t11[175] ok
2026-09-29T13:08:02Z 00O t11[176] ok
2026-09-29T13:08:02Z 00O t11[177] ok
2026-09-29T13:08:02Z 00O t11[178] ok
2026-09-29T13:08:03Z 00O t11[179] ok
2026-09-29T13:08:03Z 00O t11[180] ok
2026-09-29T13:08:03Z 00O t11[181] ok
2026-09-29T13:08:03Z 00O t11[182] ok
2026-09-29T13:08:03Z 00O t11[183] ok
2026-09-29T13:08:04Z 00O t11[184] ok
2026-09-29T13:08:04Z 00O t11[185] ok
2026-09-29T13:08:04Z 00O t11[186] ok
2026-09-29T13:08:04Z 00O t11[187] ok
2026-09-29T13:08:04Z 00O t11[188] ok
2026-09-29T13:08:05Z 00O t11[189] ok
2026-09-29T13:08:05Z 00O t11[190] ok
2026-09-29T13:08:05Z 00O t11[191] ok
2026-09-29T13:08:05Z 00O t11[192] ok
2026-09-29T13:08:05Z 00O t11[193] ok
2026-09-29T13:08:06Z 00O t11[194] ok
2026-09-29T13:08:06Z 00O t11[195] ok
2026-09-29T13:08:06Z 00O t11[196] ok
2026-09-29T13:08:06Z 00O t11[197] ok
2026-09-29T13:08:06Z 00O t11[198] ok
2026-09-29T13:08:07Z 00O t11[199] ok
2026-09-29T13:08:07Z 00O t12[000] ok
2026-09-29T13:08:07Z 00O t12[001] ok
2026-09-29T13:08:07Z 00O t12[002] ok
2026-09-29T13:08:07Z 00O t12[003] ok
2026-09-29T13:08:08Z 00O t12[004] ok
2026-09-29T13:08:08Z 00O t12[005] ok
2026-09-29T13:08:08Z 00O t12[006] ok
2026-09-29T13:08:08Z 00O t12[007] ok
2026-09-29T13:08:08Z 00O t12[008] ok
2026-09-29T13:08:09Z 00O t12[009] ok
2026-09-29T13:08:09Z 00O t12[010] ok
2026-09-29T13:08:09Z 00O t12[011] ok
2026-09-29T13:08:09Z 00O t12[012] ok
2026-09-29T13:08:09Z 00O t12[013] ok
2026-09-29T13:08:10Z 00O t12[014] ok
2026-09-29T13:08:10Z 00O t12[015] ok
2026-09-29T13:08:10Z 00O t12[016] ok
2026-09-29T13:08:10Z 00O t12[017] ok
2026-09-29T13:08:10Z 00O t12[018] ok
2026-09-29T13:08:11Z 00O t12[019] ok
2026-09-29T13:08:11Z 00O t12[020] ok
2026-09-29T13:08:11Z 00O t12[021] ok
2026-09-29T13:08:11Z 00O t12[022] ok
2026-09-29T13:08:11Z 00O t12[023] ok
2026-09-29T13:08:12Z 00O t12[024] ok
2026-09-29T13:08:12Z 00O t12[025] ok
2026-09-29T13:08:12Z 00O t12[026] ok
2026-09-29T13:08:12Z 00O t12[027] ok
2026-09-29T13:08:12Z 00O t12[028] ok
2026-09-29T13:08:13Z 00O t12[029] ok
2026-09-29T13:08:13Z 00O t12[030] ok
2026-09-29T13:08:13Z 00O t12[031] ok
2026-09-29T13:08:13Z 00O t12[032] ok
2026-09-29T13:08:13Z 00O t12[033] ok
2026-09-29T13:08:14Z 00O t12[034] ok
2026-09-29T13:08:14Z 00O t12[035] ok
2026-09-29T13:08:14Z 00O t12[036] ok
2026-09-29T13:08:14Z 00O t12[037] ok
2026-09-29T13:08:14Z 00O t12[038] ok
2026-09-29T13:08:15Z 00O t12[039] ok
2026-09-29T13:08:15Z 00O t12[040] ok
2026-09-29T13:08:15Z 00O t12[041] ok
2026-09-29T13:08:15Z 00O t12[042] ok
2026-09-29T13:08:15Z 00O t12[043] ok
2026-09-29T13:08:16Z 00O t12[044] ok
2026-09-29T13:08:16Z 00O t12[045] ok
2026-09-29T13:08:16Z 00O t12[046] ok
2026-09-29T13:08:16Z 00O t12[047] ok
2026-09-29T13:08:16Z 00O t12[048] ok
2026-09-29T13:08:17Z 00O t12[049] ok
2026-09-29T13:08:17Z 00O t12[050] ok
2026-09-29T13:08:17Z 00O t12[051] ok
2026-09-29T13:08:17Z 00O t12[052] ok
2026-09-29T13:08:17Z 00O t12[053] ok
2026-09-29T13:08:18Z 00O t12[054] ok
2026-09-29T13:08:18Z 00O t12[055] ok
2026-09-29T13:08:18Z 00O t12[056] ok
2026-09-29T13:08:18Z 00O t12[057] ok
2026-09-29T13:08:18Z 00O t12[058] ok
2026-09-29T13:08:19Z 00O t12[059] ok
2026-09-29T13:08:19Z 00O t12[060] ok
2026-09-29T13:08:19Z 00O t12[061] ok
2026-09-29T13:08:19Z 00O t12[062] ok
2026-09-29T13:08:19Z 00O t12[063] ok
2026-09-29T13:08:20Z 00O t12[064] ok
2026-09-29T13:08:20Z 00O t12[065] ok
2026-09-29T13:08:20Z 00O t12[066] ok
2026-09-29T13:08:20Z 00O t12[067] ok
2026-09-29T13:08:20Z 00O t12[068] ok
2026-09-29T13:08:21Z 00O t12[069] ok
2026-09-29T13:08:21Z 00O t12[070] ok
2026-09-29T13:08:21Z 00O t12[071] ok
2026-09-29T13:08:21Z 00O t12[072] ok
2026-09-29T13:08:21Z 00O t12[073] ok
2026-09-29T13:08:22Z 00O t12[074] ok
2026-09-29T13:08:22Z 00O t12[075] ok
2026-09-29T13:08:22Z 00O t12[076] ok
2026-09-29T13:08:22Z 00O t12[077] ok
2026-09-29T13:08:22Z 00O t12[078] ok
2026-09-29T13:08:23Z 00O t12[079] ok
2026-09-29T13:08:23Z 00O t12[080] ok
2026-09-29T13:08:23Z 00O t12[081] ok
2026-09-29T13:08:23Z 00O t12[082] ok
2026-09-29T13:08:23Z 00O t12[083] ok
2026-09-29T13:08:24Z 00O t12[084] ok
2026-09-29T13:08:24Z 00O t12[085] ok
2026-09-29T13:08:24Z 00O t12[086] ok
2026-09-29T13:08:24Z 00O t12[087] ok
2026-09-29T13:08:24Z 00O t12[088] ok
2026-09-29T13:08:25Z 00O t12[089] ok
2026-09-29T13:08:25Z 00O t12[090] ok
2026-09-29T13:08:25Z 00O t12[091] ok
2026-09-29T13:08:25Z 00O t12[092] ok
2026-09-29T13:08:25Z 00O t12[093] ok
2026-09-29T13:08:26Z 00O t12[094] ok
2026-09-29T13:08:26Z 00O t12[095] ok
2026-09-29T13:08:26Z 00O t12[096] ok
2026-09-29T13:08:26Z 00O t12[097] ok
2026-09-29T13:08:26Z 00O t12[098] ok
2026-09-29T13:08:27Z 00O t12[099] ok
2026-09-29T13:08:27Z 00O t12[100] ok
2026-09-29T13:08:27Z 00O t12[101] ok
2026-09-29T13:08:27Z 00O t12[102] ok
2026-09-29T13:08:27Z 00O t12[103] ok
2026-09-29T13:08:28Z 00O t12[104] ok
2026-09-29T13:08:28Z 00O t12[105] ok
2026-09-29T13:08:28Z 00O t12[106] ok
2026-09-29T13:08:28Z 00O t12[107] ok
2026-09-29T13:08:28Z 00O t12[108] ok
2026-09-29T13:08:29Z 00O t12[109] ok
2026-09-29T13:08:29Z 00O t12[110] ok
2026-09-29T13:08:29Z 00O t12[111] ok
2026-09-29T13:08:29Z 00O t12[112] ok
2026-09-29T13:08:29Z 00O t12[113] ok
2026-09-29T13:08:30Z 00O t12[114] ok
2026-09-29T13:08:30Z 00O t12[115] ok
2026-09-29T13:08:30Z 00O t12[116] ok
2026-09-29T13:08:30Z 00O t12[117] ok
2026-09-29T13:08:30Z 00O t12[118] ok
2026-09-29T13:08:31Z 00O t12[119] ok
2026-09-29T13:08:31Z 00O t12[120] ok
2026-09-29T13:08:31Z 00O t12[121] ok
2026-09-29T13:08:31Z 00O t12[122] ok
2026-09-29T13:08:31Z 00O t12[123] ok
2026-09-29T13:08:32Z 00O t12[124] ok
2026-09-29T13:08:32Z 00O t12[125] ok
2026-09-29T13:08:32Z 00O t12[126] ok
2026-09-29T13:08:32Z 00O t12[127] ok
2026-09-29T13:08:32Z 00O t12[128] ok
2026-09-29T13:08:33Z 00O t12[129] ok
2026-09-29T13:08:33Z 00O t12[130] ok
2026-09-29T13:08:33Z 00O t12[131] ok
2026-09-29T13:08:33Z 00O t12[132] ok
2026-09-29T13:08:33Z 00O t12[133] ok
2026-09-29T13:08:34Z 00O t12[134] ok
2026-09-29T13:08:34Z 00O t12[135] ok
2026-09-29T13:08:34Z 00O t12[136] ok
2026-09-29T13:08:34Z 00O t12[137] ok
2026-09-29T13:08:34Z 00O t12[138] ok
2026-09-29T13:08:35Z 00O t12[139] ok
2026-09-29T13:08:35Z 00O t12[140] ok
2026-09-29T13:08:35Z 00O t12[141] ok
2026-09-29T13:08:35Z 00O t12[142] ok
2026-09-29T13:08:35Z 00O t12[143] ok
2026-09-29T13:08:36Z 00O t12[144] ok
2026-09-29T13:08:36Z 00O t12[145] ok
2026-09-29T13:08:36Z 00O t12[146] ok
2026-09-29T13:08:36Z 00O t12[147] ok
2026-09-29T13:08:36Z 00O t12[148] ok
2026-09-29T13:08:37Z 00O t12[149] ok
2026-09-29T13:08:37Z 00O t12[150] ok
2026-09-29T13:08:37Z 00O t12[151] ok
2026-09-29T13:08:37Z 00O t12[152] ok
2026-09-29T13:08:37Z 00O t12[153] ok
2026-09-29T13:08:38Z 00O t12[154] ok
2026-09-29T13:08:38Z 00O t12[155] ok
2026-09-29T13:08:38Z 00O t12[156] ok
2026-09-29T13:08:38Z 00O t12[157] ok
2026-09-29T13:08:38Z 00O t12[158] ok
2026-09-29T13:08:39Z 00O t12[159] ok
2026-09-29T13:08:39Z 00O t12[160] ok
2026-09-29T13:08:39Z 00O t12[161] ok
2026-09-29T13:08:39Z 00O t12[162] ok
2026-09-29T13:08:39Z 00O t12[163] ok
2026-09-29T13:08:40Z 00O t12[164] ok
2026-09-29T13:08:40Z 00O t12[165] ok
2026-09-29T13:08:40Z 00O t12[166] ok
2026-09-29T13:08:40Z 00O t12[167] ok
2026-09-29T13:08:40Z 00O t12[168] ok
2026-09-29T13:08:41Z 00O t12[169] ok
2026-09-29T13:08:41Z 00O t12[170] ok
2026-09-29T13:08:41Z 00O t12[171] ok
2026-09-29T13:08:41Z 00O t12[172] ok
2026-09-29T13:08:41Z 00O t12[173] ok
2026-09-29T13:08:42Z 00O t12[174] ok
2026-09-29T13:08:42Z 00O t12[175] ok
2026-09-29T13:08:42Z 00O t12[176] ok
2026-09-29T13:08:42Z 00O t12[177] ok
2026-09-29T13:08:42Z 00O t12[178] ok
2026-09-29T13:08:43Z 00O t12[179] ok
2026-09-29T13:08:43Z 00O t12[180] ok
2026-09-29T13:08:43Z 00O t12[181] ok
2026-09-29T13:08:43Z 00O t12[182] ok
2026-09-29T13:08:43Z 00O t12[183] ok
2026-09-29T13:08:44Z 00O t12[184] ok
2026-09-29T13:08:44Z 00O t12[185] ok
2026-09-29T13:08:44Z 00O t12[186] ok
2026-09-29T13:08:44Z 00O t12[187] ok
2026-09-29T13:08:44Z 00O t12[188] ok
2026-09-29T13:08:45Z 00O t12[189] ok
2026-09-29T13:08:45Z 00O t12[190] ok
2026-09-29T13:08:45Z 00O t12[191] ok
2026-09-29T13:08:45Z 00O t12[192] ok
2026-09-29T13:08:45Z 00O t12[193] ok
2026-09-29T13:08:46Z 00O t12[194] ok
2026-09-29T13:08:46Z 00O t12[195] ok
2026-09-29T13:08:46Z 00O t12[196] ok
2026-09-29T13:08:46Z 00O t12[197] ok
2026-09-29T13:08:46Z 00O t12[198] ok
2026-09-29T13:08:47Z 00O t12[199] ok
2026-09-29T13:08:47Z 00O t13[000] ok
2026-09-29T13:08:47Z 00O t13[001] ok
2026-09-29T13:08:47Z 00O t13[002] ok
2026-09-29T13:08:47Z 00O t13[003] ok
2026-09-29T13:08:48Z 00O t13[004] ok
2026-09-29T13:08:48Z 00O t13[005] ok
2026-09-29T13:08:48Z 00O t13[006] ok
2026-09-29T13:08:48Z 00O t13[007] ok
2026-09-29T13:08:48Z 00O t13[008] ok
2026-09-29T13:08:49Z 00O t13[009] ok
2026-09-29T13:08:49Z 00O t13[010] ok
2026-09-29T13:08:49Z 00O t13[011] ok
2026-09-29T13:08:49Z 00O t13[012] ok
2026-09-29T13:08:49Z 00O t13[013] ok
2026-09-29T13:08:50Z 00O t13[014] ok
2026-09-29T13:08:50Z 00O t13[015] ok
2026-09-29T13:08:50Z 00O t13[016] ok
2026-09-29T13:08:50Z 00O t13[017] ok
2026-09-29T13:08:50Z 00O t13[018] ok
2026-09-29T13:08:51Z 00O t13[019] ok
2026-09-29T13:08:51Z 00O t13[020] ok
2026-09-29T13:08:51Z 00O t13[021] ok
2026-09-29T13:08:51Z 00O t13[022] ok
2026-09-29T13:08:51Z 00O t13[023] ok
2026-09-29T13:08:52Z 00O t13[024] ok
2026-09-29T13:08:52Z 00O t13[025] ok
2026-09-29T13:08:52Z 00O t13[026] ok
2026-09-29T13:08:52Z 00O t13[027] ok
2026-09-29T13:08:52Z 00O t13[028] ok
2026-09-29T13:08:53Z 00O t13[029] ok
2026-09-29T13:08:53Z 00O t13[030] ok
2026-09-29T13:08:53Z 00O t13[031] ok
2026-09-29T13:08:53Z 00O t13[032] ok
2026-09-29T13:08:53Z 00O t13[033] ok
2026-09-29T13:08:54Z 00O t13[034] ok
2026-09-29T13:08:54Z 00O t13[035] ok
2026-09-29T13:08:54Z 00O t13[036] ok
2026-09-29T13:08:54Z 00O t13[037] ok
2026-09-29T13:08:54Z 00O t13[038] ok
2026-09-29T13:08:55Z 00O t13[039] ok
2026-09-29T13:08:55Z 00O t13[040] ok
2026-09-29T13:08:55Z 00O t13[041] ok
2026-09-29T13:08:55Z 00O t13[042] ok
2026-09-29T13:08:55Z 00O t13[043] ok
2026-09-29T13:08:56Z 00O t13[044] ok
2026-09-29T13:08:56Z 00O t13[045] ok
2026-09-29T13:08:56Z 00O t13[046] ok
2026-09-29T13:08:56Z 00O t13[047] ok
2026-09-29T13:08:56Z 00O t13[048] ok
2026-09-29T13:08:57Z 00O t13[049] ok
2026-09-29T13:08:57Z 00O t13[050] ok
2026-09-29T13:08:57Z 00O t13[051] ok
2026-09-29T13:08:57Z 00O t13[052] ok
2026-09-29T13:08:57Z 00O t13[053] ok
2026-09-29T13:08:58Z 00O t13[054] ok
2026-09-29T13:08:58Z 00O t13[055] ok
2026-09-29T13:08:58Z 00O t13[056] ok
2026-09-29T13:08:58Z 00O t13[057] ok
2026-09-29T13:08:58Z 00O t13[058] ok
2026-09-29T13:08:59Z 00O t13[059] ok
2026-09-29T13:08:59Z 00O t13[060] ok
2026-09-29T13:08:59Z 00O t13[061] ok
2026-09-29T13:08:59Z 00O t13[062] ok
2026-09-29T13:08:59Z 00O t13[063] ok
2026-09-29T13:09:00Z 00O t13[064] ok
2026-09-29T13:09:00Z 00O t13[065] ok
2026-09-29T13:09:00Z 00O t13[066] ok
2026-09-29T13:09:00Z 00O t13[067] ok
2026-09-29T13:09:00Z 00O t13[068] ok
2026-09-29T13:09:01Z 00O t13[069] ok
2026-09-29T13:09:01Z 00O t13[070] ok
2026-09-29T13:09:01Z 00O t13[071] ok
2026-09-29T13:09:01Z 00O t13[072] ok
2026-09-29T13:09:01Z 00O t13[073] ok
2026-09-29T13:09:02Z 00O t13[074] ok
2026-09-29T13:09:02Z 00O t13[075] ok
2026-09-29T13:09:02Z 00O t13[076] ok
2026-09-29T13:09:02Z 00O t13[077] ok
2026-09-29T13:09:02Z 00O t13[078] ok
2026-09-29T13:09:03Z 00O t13[079] ok
2026-09-29T13:09:03Z 00O t13[080] ok
2026-09-29T13:09:03Z 00O t13[081] ok
2026-09-29T13:09:03Z 00O t13[082] ok
2026-09-29T13:09:03Z 00O t13[083] ok
2026-09-29T13:09:04Z 00O t13[084] ok
2026-09-29T13:09:04Z 00O t13[085] ok
2026-09-29T13:09:04Z 00O t13[086] ok
2026-09-29T13:09:04Z 00O t13[087] ok
2026-09-29T13:09:04Z 00O t13[088] ok
2026-09-29T13:09:05Z 00O t13[089] ok
2026-09-29T13:09:05Z 00O t13[090] ok
2026-09-29T13:09:05Z 00O t13[091] ok
2026-09-29T13:09:05Z 00O t13[092] ok
2026-09-29T13:09:05Z 00O t13[093] ok
2026-09-29T13:09:06Z 00O t13[094] ok
2026-09-29T13:09:06Z 00O t13[095] ok
2026-09-29T13:09:06Z 00O t13[096] ok
2026-09-29T13:09:06Z 00O t13[097] ok
2026-09-29T13:09:06Z 00O t13[098] ok
2026-09-29T13:09:07Z 00O t13[099] ok
2026-09-29T13:09:07Z 00O t13[100] ok
2026-09-29T13:09:07Z 00O t13[101] ok
2026-09-29T13:09:07Z 00O t13[102] ok
2026-09-29T13:09:07Z 00O t13[103] ok
2026-09-29T13:09:08Z 00O t13[104] ok
2026-09-29T13:09:08Z 00O t13[105] ok
2026-09-29T13:09:08Z 00O t13[106] ok
2026-09-29T13:09:08Z 00O t13[107] ok
2026-09-29T13:09:08Z 00O t13[108] ok
2026-09-29T13:09:09Z 00O t13[109] ok
2026-09-29T13:09:09Z 00O t13[110] ok
2026-09-29T13:09:09Z 00O t13[111] ok
2026-09-29T13:09:09Z 00O t13[112] ok
2026-09-29T13:09:09Z 00O t13[113] ok
2026-09-29T13:09:10Z 00O t13[114] ok
2026-09-29T13:09:10Z 00O t13[115] ok
2026-09-29T13:09:10Z 00O t13[116] ok
2026-09-29T13:09:10Z 00O t13[117] ok
2026-09-29T13:09:10Z 00O t13[118] ok
2026-09-29T13:09:11Z 00O t13[119] ok
2026-09-29T13:09:11Z 00O t13[120] ok
2026-09-29T13:09:11Z 00O t13[121] ok
2026-09-29T13:09:11Z 00O t13[122] ok
2026-09-29T13:09:11Z 00O t13[123] ok
2026-09-29T13:09:12Z 00O t13[124] ok
2026-09-29T13:09:12Z 00O t13[125] ok
2026-09-29T13:09:12Z 00O t13[126] ok
2026-09-29T13:09:12Z 00O t13[127] ok
2026-09-29T13:09:12Z 00O t13[128] ok
2026-09-29T13:09:13Z 00O t13[129] ok
2026-09-29T13:09:13Z 00O t13[130] ok
2026-09-29T13:09:13Z 00O t13[131] ok
2026-09-29T13:09:13Z 00O t13[132] ok
2026-09-29T13:09:13Z 00O t13[133] ok
2026-09-29T13:09:14Z 00O t13[134] ok
2026-09-29T13:09:14Z 00O t13[135] ok
2026-09-29T13:09:14Z 00O t13[136] ok
2026-09-29T13:09:14Z 00O t13[137] ok
2026-09-29T13:09:14Z 00O t13[138] ok
2026-09-29T13:09:15Z 00O t13[139] ok
2026-09-29T13:09:15Z 00O t13[140] ok
2026-09-29T13:09:15Z 00O t13[141] ok
2026-09-29T13:09:15Z 00O t13[142] ok
2026-09-29T13:09:15Z 00O t13[143] ok
2026-09-29T13:09:16Z 00O t13[144] ok
2026-09-29T13:09:16Z 00O t13[145] ok
2026-09-29T13:09:16Z 00O t13[146] ok
2026-09-29T13:09:16Z 00O t13[147] ok
2026-09-29T13:09:16Z 00O t13[148] ok
2026-09-29T13:09:17Z 00O t13[149] ok
2026-09-29T13:09:17Z 00O t13[150] ok
2026-09-29T13:09:17Z 00O t13[151] ok
2026-09-29T13:09:17Z 00O t13[152] ok
2026-09-29T13:09:17Z 00O t13[153] ok
2026-09-29T13:09:18Z 00O t13[154] ok
2026-09-29T13:09:18Z 00O t13[155] ok
2026-09-29T13:09:18Z 00O t13[156] ok
2026-09-29T13:09:18Z 00O t13[157] ok
2026-09-29T13:09:18Z 00O t13[158] ok
2026-09-29T13:09:19Z 00O t13[159] ok
2026-09-29T13:09:19Z 00O t13[160] ok
2026-09-29T13:09:19Z 00O t13[161] ok
2026-09-29T13:09:19Z 00O t13[162] ok
2026-09-29T13:09:19Z 00O t13[163] ok
2026-09-29T13:09:20Z 00O t13[164] ok
2026-09-29T13:09:20Z 00O t13[165] ok
2026-09-29T13:09:20Z 00O t13[166] ok
2026-09-29T13:09:20Z 00O t13[167] ok
2026-09-29T13:09:20Z 00O t13[168] ok
2026-09-29T13:09:21Z 00O t13[169] ok
2026-09-29T13:09:21Z 00O t13[170] ok
2026-09-29T13:09:21Z 00O t13[171] ok
2026-09-29T13:09:21Z 00O t13[172] ok
2026-09-29T13:09:21Z 00O t13[173] ok
2026-09-29T13:09:22Z 00O t13[174] ok
2026-09-29T13:09:22Z 00O t13[175] ok
2026-09-29T13:09:22Z 00O t13[176] ok
2026-09-29T13:09:22Z 00O t13[177] ok
2026-09-29T13:09:22Z 00O t13[178] ok
2026-09-29T13:09:23Z 00O t13[179] ok
2026-09-29T13:09:23Z 00O t13[180] ok
2026-09-29T13:09:23Z 00O t13[181] ok
2026-09-29T13:09:23Z 00O t13[182] ok
2026-09-29T13:09:23Z 00O t13[183] ok
2026-09-29T13:09:24Z 00O t13[184] ok
2026-09-29T13:09:24Z 00O t13[185] ok
2026-09-29T13:09:24Z 00O t13[186] ok
2026-09-29T13:09:24Z 00O t13[187] ok
2026-09-29T13:09:24Z 00O t13[188] ok
2026-09-29T13:09:25Z 00O t13[189] ok
2026-09-29T13:09:25Z 00O t13[190] ok
2026-09-29T13:09:25Z 00O t13[191] ok
2026-09-29T13:09:25Z 00O t13[192] ok
2026-09-29T13:09:25Z 00O t13[193] ok
2026-09-29T13:09:26Z 00O t13[194] ok
2026-09-29T13:09:26Z 00O t13[195] ok
2026-09-29T13:09:26Z 00O t13[196] ok
2026-09-29T13:09:26Z 00O t13[197] ok
2026-09-29T13:09:26Z 00O t13[198] ok
2026-09-29T13:09:27Z 00O t13[199] ok
2026-09-29T13:09:27Z 00O t14[000] ok
2026-09-29T13:09:27Z 00O t14[001] ok
2026-09-29T13:09:27Z 00O t14[002] ok
2026-09-29T13:09:27Z 00O t14[003] ok
2026-09-29T13:09:28Z 00O t14[004] ok
2026-09-29T13:09:28Z 00O t14[005] ok
2026-09-29T13:09:28Z 00O t14[006] ok
2026-09-29T13:09:28Z 00O t14[007] ok
2026-09-29T13:09:28Z 00O t14[008] ok
2026-09-29T13:09:29Z 00O t14[009] ok
2026-09-29T13:09:29Z 00O t14[010] ok
2026-09-29T13:09:29Z 00O t14[011] ok
2026-09-29T13:09:29Z 00O t14[012] ok
2026-09-29T13:09:29Z 00O t14[013] ok
2026-09-29T13:09:30Z 00O t14[014] ok
2026-09-29T13:09:30Z 00O t14[015] ok
2026-09-29T13:09:30Z 00O t14[016] ok
2026-09-29T13:09:30Z 00O t14[017] ok
2026-09-29T13:09:30Z 00O t14[018] ok
2026-09-29T13:09:31Z 00O t14[019] ok
2026-09-29T13:09:31Z 00O t14[020] ok
2026-09-29T13:09:31Z 00O t14[021] ok
2026-09-29T13:09:31Z 00O t14[022] ok
2026-09-29T13:09:31Z 00O t14[023] ok
2026-09-29T13:09:32Z 00O t14[024] ok
2026-09-29T13:09:32Z 00O t14[025] ok
2026-09-29T13:09:32Z 00O t14[026] ok
2026-09-29T13:09:32Z 00O t14[027] ok
2026-09-29T13:09:32Z 00O t14[028] ok
2026-09-29T13:09:33Z 00O t14[029] ok
2026-09-29T13:09:33Z 00O t14[030] ok
2026-09-29T13:09:33Z 00O t14[031] ok
2026-09-29T13:09:33Z 00O t14[032] ok
2026-09-29T13:09:33Z 00O t14[033] ok
2026-09-29T13:09:34Z 00O t14[034] ok
2026-09-29T13:09:34Z 00O t14[035] ok
2026-09-29T13:09:34Z 00O t14[036] ok
2026-09-29T13:09:34Z 00O t14[037] ok
2026-09-29T13:09:34Z 00O t14[038] ok
2026-09-29T13:09:35Z 00O t14[039] ok
2026-09-29T13:09:35Z 00O t14[040] ok
2026-09-29T13:09:35Z 00O t14[041] ok
2026-09-29T13:09:35Z 00O t14[042] ok
2026-09-29T13:09:35Z 00O t14[043] ok
2026-09-29T13:09:36Z 00O t14[044] ok
2026-09-29T13:09:36Z 00O t14[045] ok
2026-09-29T13:09:36Z 00O t14[046] ok
2026-09-29T13:09:36Z 00O t14[047] ok
2026-09-29T13:09:36Z 00O t14[048] ok
2026-09-29T13:09:37Z 00O t14[049] ok
2026-09-29T13:09:37Z 00O t14[050] ok
2026-09-29T13:09:37Z 00O t14[051] ok
2026-09-29T13:09:37Z 00O t14[052] ok
2026-09-29T13:09:37Z 00O t14[053] ok
2026-09-29T13:09:38Z 00O t14[054] ok
2026-09-29T13:09:38Z 00O t14[055] ok
2026-09-29T13:09:38Z 00O t14[056] ok
2026-09-29T13:09:38Z 00O t14[057] ok
2026-09-29T13:09:38Z 00O t14[058] ok
2026-09-29T13:09:39Z 00O t14[059] ok
2026-09-29T13:09:39Z 00O t14[060] ok
2026-09-29T13:09:39Z 00O t14[061] ok
2026-09-29T13:09:39Z 00O t14[062] ok
2026-09-29T13:09:39Z 00O t14[063] ok
2026-09-29T13:09:40Z 00O t14[064] ok
2026-09-29T13:09:40Z 00O t14[065] ok
2026-09-29T13:09:40Z 00O t14[066] ok
2026-09-29T13:09:40Z 00O t14[067] ok
2026-09-29T13:09:40Z 00O t14[068] ok
2026-09-29T13:09:41Z 00O t14[069] ok
2026-09-29T13:09:41Z 00O t14[070] ok
2026-09-29T13:09:41Z 00O t14[071] ok
2026-09-29T13:09:41Z 00O t14[072] ok
2026-09-29T13:09:41Z 00O t14[073] ok
2026-09-29T13:09:42Z 00O t14[074] ok
2026-09-29T13:09:42Z 00O t14[075] ok
2026-09-29T13:09:42Z 00O t14[076] ok
2026-09-29T13:09:42Z 00O t14[077] ok
2026-09-29T13:09:42Z 00O t14[078] ok
2026-09-29T13:09:43Z 00O t14[079] ok
2026-09-29T13:09:43Z 00O t14[080] ok
2026-09-29T13:09:43Z 00O t14[081] ok
2026-09-29T13:09:43Z 00O t14[082] ok
2026-09-29T13:09:43Z 00O t14[083] ok
2026-09-29T13:09:44Z 00O t14[084] ok
2026-09-29T13:09:44Z 00O t14[085] ok
2026-09-29T13:09:44Z 00O t14[086] ok
2026-09-29T13:09:44Z 00O t14[087] ok
2026-09-29T13:09:44Z 00O t14[088] ok
2026-09-29T13:09:45Z 00O t14[089] ok
2026-09-29T13:09:45Z 00O t14[090] ok
2026-09-29T13:09:45Z 00O t14[091] ok
2026-09-29T13:09:45Z 00O t14[092] ok
2026-09-29T13:09:45Z 00O t14[093] ok
2026-09-29T13:09:46Z 00O t14[094] ok
2026-09-29T13:09:46Z 00O t14[095] ok
2026-09-29T13:09:46Z 00O t14[096] ok
2026-09-29T13:09:46Z 00O t14[097] ok
2026-09-29T13:09:46Z 00O t14[098] ok
2026-09-29T13:09:47Z 00O t14[099] ok
2026-09-29T13:09:47Z 00O t14[100] ok
2026-09-29T13:09:47Z 00O t14[101] ok
2026-09-29T13:09:47Z 00O t14[102] ok
2026-09-29T13:09:47Z 00O t14[103] ok
2026-09-29T13:09:48Z 00O t14[104] ok
2026-09-29T13:09:48Z 00O t14[105] ok
2026-09-29T13:09:48Z 00O t14[106] ok
2026-09-29T13:09:48Z 00O t14[107] ok
2026-09-29T13:09:48Z 00O t14[108] ok
2026-09-29T13:09:49Z 00O t14[109] ok
2026-09-29T13:09:49Z 00O t14[110] ok
2026-09-29T13:09:49Z 00O t14[111] ok
2026-09-29T13:09:49Z 00O t14[112] ok
2026-09-29T13:09:49Z 00O t14[113] ok
2026-09-29T13:09:50Z 00O t14[114] ok
2026-09-29T13:09:50Z 00O t14[115] ok
2026-09-29T13:09:50Z 00O t14[116] ok
2026-09-29T13:09:50Z 00O t14[117] ok
2026-09-29T13:09:50Z 00O t14[118] ok
2026-09-29T13:09:51Z 00O t14[119] ok
2026-09-29T13:09:51Z 00O t14[120] ok
2026-09-29T13:09:51Z 00O t14[121] ok
2026-09-29T13:09:51Z 00O t14[122] ok
2026-09-29T13:09:51Z 00O t14[123] ok
2026-09-29T13:09:52Z 00O t14[124] ok
2026-09-29T13:09:52Z 00O t14[125] ok
2026-09-29T13:09:52Z 00O t14[126] ok
2026-09-29T13:09:52Z 00O t14[127] ok
2026-09-29T13:09:52Z 00O t14[128] ok
2026-09-29T13:09:53Z 00O t14[129] ok
2026-09-29T13:09:53Z 00O t14[130] ok
2026-09-29T13:09:53Z 00O t14[131] ok
2026-09-29T13:09:53Z 00O t14[132] ok
2026-09-29T13:09:53Z 00O t14[133] ok
2026-09-29T13:09:54Z 00O t14[134] ok
2026-09-29T13:09:54Z 00O t14[135] ok
2026-09-29T13:09:54Z 00O t14[136] ok
2026-09-29T13:09:54Z 00O t14[137] ok
2026-09-29T13:09:54Z 00O t14[138] ok
2026-09-29T13:09:55Z 00O t14[139] ok
2026-09-29T13:09:55Z 00O t14[140] ok
2026-09-29T13:09:55Z 00O t14[141] ok
2026-09-29T13:09:55Z 00O t14[142] ok
2026-09-29T13:09:55Z 00O t14[143] ok
2026-09-29T13:09:56Z 00O t14[144] ok
2026-09-29T13:09:56Z 00O t14[145] ok
2026-09-29T13:09:56Z 00O t14[146] ok
2026-09-29T13:09:56Z 00O t14[147] ok
2026-09-29T13:09:56Z 00O t14[148] ok
2026-09-29T13:09:57Z 00O t14[149] ok
2026-09-29T13:09:57Z 00O t14[150] ok
2026-09-29T13:09:57Z 00O t14[151] ok
2026-09-29T13:09:57Z 00O t14[152] ok
2026-09-29T13:09:57Z 00O t14[153] ok
2026-09-29T13:09:58Z 00O t14[154] ok
2026-09-29T13:09:58Z 00O t14[155] ok
2026-09-29T13:09:58Z 00O t14[156] ok
2026-09-29T13:09:58Z 00O t14[157] ok
2026-09-29T13:09:58Z 00O t14[158] ok
2026-09-29T13:09:59Z 00O t14[159] ok
2026-09-29T13:09:59Z 00O t14[160] ok
2026-09-29T13:09:59Z 00O t14[161] ok
2026-09-29T13:09:59Z 00O t14[162] ok
2026-09-29T13:09:59Z 00O t14[163] ok
2026-09-29T13:10:00Z 00O t14[164] ok
2026-09-29T13:10:00Z 00O t14[165] ok
2026-09-29T13:10:00Z 00O t14[166] ok
2026-09-29T13:10:00Z 00O t14[167] ok
2026-09-29T13:10:00Z 00O t14[168] ok
2026-09-29T13:10:01Z 00O t14[169] ok
2026-09-29T13:10:01Z 00O t14[170] ok
2026-09-29T13:10:01Z 00O t14[171] ok
2026-09-29T13:10:01Z 00O t14[172] ok
2026-09-29T13:10:01Z 00O t14[173] ok
2026-09-29T13:10:02Z 00O t14[174] ok
2026-09-29T13:10:02Z 00O t14[175] ok
2026-09-29T13:10:02Z 00O t14[176] ok
2026-09-29T13:10:02Z 00O t14[177] ok
2026-09-29T13:10:02Z 00O t14[178] ok
2026-09-29T13:10:03Z 00O t14[179] ok
2026-09-29T13:10:03Z 00O t14[180] ok
2026-09-29T13:10:03Z 00O t14[181] ok
2026-09-29T13:10:03Z 00O t14[182] ok
2026-09-29T13:10:03Z 00O t14[183] ok
2026-09-29T13:10:04Z 00O t14[184] ok
2026-09-29T13:10:04Z 00O t14[185] ok
2026-09-29T13:10:04Z 00O t14[186] ok
2026-09-29T13:10:04Z 00O t14[187] ok
2026-09-29T13:10:04Z 00O t14[188] ok
2026-09-29T13:10:05Z 00O t14[189] ok
2026-09-29T13:10:05Z 00O t14[190] ok
2026-09-29T13:10:05Z 00O t14[191] ok
2026-09-29T13:10:05.978732Z 00O   DeprecationWarning: error_bad_lines is deprecated; use on_bad_lines instead
2026-09-29T13:10:05Z 00O t14[192] ok
2026-09-29T13:10:06Z 00O t14[193] ok
2026-09-29T13:10:06Z 00O t14[194] ok
2026-09-29T13:10:06Z 00O t14[195] ok
2026-09-29T13:10:06Z 00O t14[196] ok
2026-09-29T13:10:06Z 00O t14[197] ok
2026-09-29T13:10:07Z 00O t14[198] ok
2026-09-29T13:10:07Z 00O t14[199] ok
2026-09-29T13:10:07Z 00O t15[000] ok
2026-09-29T13:10:07Z 00O t15[001] ok
2026-09-29T13:10:07Z 00O t15[002] ok
2026-09-29T13:10:08Z 00O t15[003] ok
2026-09-29T13:10:08Z 00O t15[004] ok
2026-09-29T13:10:08Z 00O t15[005] ok
2026-09-29T13:10:08Z 00O t15[006] ok
2026-09-29T13:10:08Z 00O t15[007] ok
2026-09-29T13:10:09Z 00O t15[008] ok
2026-09-29T13:10:09Z 00O t15[009] ok
2026-09-29T13:10:09Z 00O t15[010] ok
2026-09-29T13:10:09Z 00O t15[011] ok
2026-09-29T13:10:09Z 00O t15[012] ok
2026-09-29T13:10:10Z 00O t15[013] ok
2026-09-29T13:10:10Z 00O t15[014] ok
2026-09-29T13:10:10Z 00O t15[015] ok
2026-09-29T13:10:10Z 00O t15[016] ok
2026-09-29T13:10:10Z 00O t15[017] ok
2026-09-29T13:10:11Z 00O t15[018] ok
2026-09-29T13:10:11Z 00O t15[019] ok
2026-09-29T13:10:11Z 00O t15[020] ok
2026-09-29T13:10:11Z 00O t15[021] ok
2026-09-29T13:10:11Z 00O t15[022] ok
2026-09-29T13:10:12Z 00O t15[023] ok
2026-09-29T13:10:12Z 00O t15[024] ok
2026-09-29T13:10:12Z 00O t15[025] ok
2026-09-29T13:10:12Z 00O t15[026] ok
2026-09-29T13:10:12Z 00O t15[027] ok
2026-09-29T13:10:13Z 00O t15[028] ok
2026-09-29T13:10:13Z 00O t15[029] ok
2026-09-29T13:10:13Z 00O t15[030] ok
2026-09-29T13:10:13Z 00O t15[031] ok
2026-09-29T13:10:13Z 00O t15[032] ok
2026-09-29T13:10:14Z 00O t15[033] ok
2026-09-29T13:10:14Z 00O t15[034] ok
2026-09-29T13:10:14Z 00O t15[035] ok
2026-09-29T13:10:14Z 00O t15[036] ok
2026-09-29T13:10:14Z 00O t15[037] ok
2026-09-29T13:10:15Z 00O t15[038] ok
2026-09-29T13:10:15Z 00O t15[039] ok
2026-09-29T13:10:15Z 00O t15[040] ok
2026-09-29T13:10:15Z 00O t15[041] ok
2026-09-29T13:10:15Z 00O t15[042] ok
2026-09-29T13:10:16Z 00O t15[043] ok
2026-09-29T13:10:16Z 00O t15[044] ok
2026-09-29T13:10:16Z 00O t15[045] ok
2026-09-29T13:10:16Z 00O t15[046] ok
2026-09-29T13:10:16Z 00O t15[047] ok
2026-09-29T13:10:17Z 00O t15[048] ok
2026-09-29T13:10:17Z 00O t15[049] ok
2026-09-29T13:10:17Z 00O t15[050] ok
2026-09-29T13:10:17Z 00O t15[051] ok
2026-09-29T13:10:17Z 00O t15[052] ok
2026-09-29T13:10:18Z 00O t15[053] ok
2026-09-29T13:10:18Z 00O t15[054] ok
2026-09-29T13:10:18Z 00O t15[055] ok
2026-09-29T13:10:18Z 00O t15[056] ok
2026-09-29T13:10:18Z 00O t15[057] ok
2026-09-29T13:10:19Z 00O t15[058] ok
2026-09-29T13:10:19Z 00O t15[059] ok
2026-09-29T13:10:19Z 00O t15[060] ok
2026-09-29T13:10:19Z 00O t15[061] ok
2026-09-29T13:10:19Z 00O t15[062] ok
2026-09-29T13:10:20Z 00O t15[063] ok
2026-09-29T13:10:20Z 00O t15[064] ok
2026-09-29T13:10:20Z 00O t15[065] ok
2026-09-29T13:10:20Z 00O t15[066] ok
2026-09-29T13:10:20Z 00O t15[067] ok
2026-09-29T13:10:21Z 00O t15[068] ok
2026-09-29T13:10:21Z 00O t15[069] ok
2026-09-29T13:10:21Z 00O t15[070] ok
2026-09-29T13:10:21Z 00O t15[071] ok
2026-09-29T13:10:21Z 00O t15[072] ok
2026-09-29T13:10:22Z 00O t15[073] ok
2026-09-29T13:10:22Z 00O t15[074] ok
2026-09-29T13:10:22Z 00O t15[075] ok
2026-09-29T13:10:22Z 00O t15[076] ok
2026-09-29T13:10:22Z 00O t15[077] ok
2026-09-29T13:10:23Z 00O t15[078] ok
2026-09-29T13:10:23Z 00O t15[079] ok
2026-09-29T13:10:23Z 00O t15[080] ok
2026-09-29T13:10:23Z 00O t15[081] ok
2026-09-29T13:10:23Z 00O t15[082] ok
2026-09-29T13:10:24Z 00O t15[083] ok
2026-09-29T13:10:24Z 00O t15[084] ok
2026-09-29T13:10:24Z 00O t15[085] ok
2026-09-29T13:10:24Z 00O t15[086] ok
2026-09-29T13:10:24Z 00O t15[087] ok
2026-09-29T13:10:25Z 00O t15[088] ok
2026-09-29T13:10:25Z 00O t15[089] ok
2026-09-29T13:10:25Z 00O t15[090] ok
2026-09-29T13:10:25Z 00O t15[091] ok
2026-09-29T13:10:25Z 00O t15[092] ok
2026-09-29T13:10:26Z 00O t15[093] ok
2026-09-29T13:10:26Z 00O t15[094] ok
2026-09-29T13:10:26Z 00O t15[095] ok
2026-09-29T13:10:26Z 00O t15[096] ok
2026-09-29T13:10:26Z 00O t15[097] ok
2026-09-29T13:10:27Z 00O t15[098] ok
2026-09-29T13:10:27Z 00O t15[099] ok
2026-09-29T13:10:27Z 00O t15[100] ok
2026-09-29T13:10:27Z 00O t15[101] ok
2026-09-29T13:10:27Z 00O t15[102] ok
2026-09-29T13:10:28Z 00O t15[103] ok
2026-09-29T13:10:28Z 00O t15[104] ok
2026-09-29T13:10:28Z 00O t15[105] ok
2026-09-29T13:10:28Z 00O t15[106] ok
2026-09-29T13:10:28Z 00O t15[107] ok
2026-09-29T13:10:29Z 00O t15[108] ok
2026-09-29T13:10:29Z 00O t15[109] ok
2026-09-29T13:10:29Z 00O t15[110] ok
2026-09-29T13:10:29Z 00O t15[111] ok
2026-09-29T13:10:29Z 00O t15[112] ok
2026-09-29T13:10:30Z 00O t15[113] ok
2026-09-29T13:10:30Z 00O t15[114] ok
2026-09-29T13:10:30Z 00O t15[115] ok
2026-09-29T13:10:30Z 00O t15[116] ok
2026-09-29T13:10:30Z 00O t15[117] ok
2026-09-29T13:10:31Z 00O t15[118] ok
2026-09-29T13:10:31Z 00O t15[119] ok
2026-09-29T13:10:31Z 00O t15[120] ok
2026-09-29T13:10:31Z 00O t15[121] ok
2026-09-29T13:10:31Z 00O t15[122] ok
2026-09-29T13:10:32Z 00O t15[123] ok
2026-09-29T13:10:32Z 00O t15[124] ok
2026-09-29T13:10:32Z 00O t15[125] ok
2026-09-29T13:10:32Z 00O t15[126] ok
2026-09-29T13:10:32Z 00O t15[127] ok
2026-09-29T13:10:33Z 00O t15[128] ok
2026-09-29T13:10:33Z 00O t15[129] ok
2026-09-29T13:10:33Z 00O t15[130] ok
2026-09-29T13:10:33Z 00O t15[131] ok
2026-09-29T13:10:33Z 00O t15[132] ok
2026-09-29T13:10:34Z 00O t15[133] ok
2026-09-29T13:10:34Z 00O t15[134] ok
2026-09-29T13:10:34Z 00O t15[135] ok
2026-09-29T13:10:34Z 00O t15[136] ok
2026-09-29T13:10:34Z 00O t15[137] ok
2026-09-29T13:10:35Z 00O t15[138] ok
2026-09-29T13:10:35Z 00O t15[139] ok
2026-09-29T13:10:35Z 00O t15[140] ok
2026-09-29T13:10:35Z 00O t15[141] ok
2026-09-29T13:10:35Z 00O t15[142] ok
2026-09-29T13:10:36Z 00O t15[143] ok
2026-09-29T13:10:36Z 00O t15[144] ok
2026-09-29T13:10:36Z 00O t15[145] ok
2026-09-29T13:10:36Z 00O t15[146] ok
2026-09-29T13:10:36Z 00O t15[147] ok
2026-09-29T13:10:37Z 00O t15[148] ok
2026-09-29T13:10:37Z 00O t15[149] ok
2026-09-29T13:10:37Z 00O t15[150] ok
2026-09-29T13:10:37Z 00O t15[151] ok
2026-09-29T13:10:37Z 00O t15[152] ok
2026-09-29T13:10:38Z 00O t15[153] ok
2026-09-29T13:10:38Z 00O t15[154] ok
2026-09-29T13:10:38Z 00O t15[155] ok
2026-09-29T13:10:38Z 00O t15[156] ok
2026-09-29T13:10:38Z 00O t15[157] ok
2026-09-29T13:10:39Z 00O t15[158] ok
2026-09-29T13:10:39Z 00O t15[159] ok
2026-09-29T13:10:39Z 00O t15[160] ok
2026-09-29T13:10:39Z 00O t15[161] ok
2026-09-29T13:10:39Z 00O t15[162] ok
2026-09-29T13:10:40Z 00O t15[163] ok
2026-09-29T13:10:40Z 00O t15[164] ok
2026-09-29T13:10:40Z 00O t15[165] ok
2026-09-29T13:10:40Z 00O t15[166] ok
2026-09-29T13:10:40Z 00O t15[167] ok
2026-09-29T13:10:41Z 00O t15[168] ok
2026-09-29T13:10:41Z 00O t15[169] ok
2026-09-29T13:10:41Z 00O t15[170] ok
2026-09-29T13:10:41Z 00O t15[171] ok
2026-09-29T13:10:41Z 00O t15[172] ok
2026-09-29T13:10:42Z 00O t15[173] ok
2026-09-29T13:10:42Z 00O t15[174] ok
2026-09-29T13:10:42Z 00O t15[175] ok
2026-09-29T13:10:42Z 00O t15[176] ok
2026-09-29T13:10:42Z 00O t15[177] ok
2026-09-29T13:10:43Z 00O t15[178] ok
2026-09-29T13:10:43Z 00O t15[179] ok
2026-09-29T13:10:43Z 00O t15[180] ok
2026-09-29T13:10:43Z 00O t15[181] ok
2026-09-29T13:10:43Z 00O t15[182] ok
2026-09-29T13:10:44Z 00O t15[183] ok
2026-09-29T13:10:44Z 00O t15[184] ok
2026-09-29T13:10:44Z 00O t15[185] ok
2026-09-29T13:10:44Z 00O t15[186] ok
2026-09-29T13:10:44Z 00O t15[187] ok
2026-09-29T13:10:45Z 00O t15[188] ok
2026-09-29T13:10:45Z 00O t15[189] ok
2026-09-29T13:10:45Z 00O t15[190] ok
2026-09-29T13:10:45Z 00O t15[191] ok
2026-09-29T13:10:45Z 00O t15[192] ok
2026-09-29T13:10:46Z 00O t15[193] ok
2026-09-29T13:10:46Z 00O t15[194] ok
2026-09-29T13:10:46Z 00O t15[195] ok
2026-09-29T13:10:46Z 00O t15[196] ok
2026-09-29T13:10:46Z 00O t15[197] ok
2026-09-29T13:10:47Z 00O t15[198] ok
2026-09-29T13:10:47Z 00O t15[199] ok
2026-09-29T13:10:47Z 00O t16[000] ok
2026-09-29T13:10:47Z 00O t16[001] ok
2026-09-29T13:10:47Z 00O t16[002] ok
2026-09-29T13:10:48Z 00O t16[003] ok
2026-09-29T13:10:48Z 00O t16[004] ok
2026-09-29T13:10:48Z 00O t16[005] ok
2026-09-29T13:10:48Z 00O t16[006] ok
2026-09-29T13:10:48Z 00O t16[007] ok
2026-09-29T13:10:49Z 00O t16[008] ok
2026-09-29T13:10:49Z 00O t16[009] ok
2026-09-29T13:10:49Z 00O t16[010] ok
2026-09-29T13:10:49Z 00O t16[011] ok
2026-09-29T13:10:49Z 00O t16[012] ok
2026-09-29T13:10:50Z 00O t16[013] ok
2026-09-29T13:10:50Z 00O t16[014] ok
2026-09-29T13:10:50Z 00O t16[015] ok
2026-09-29T13:10:50Z 00O t16[016] ok
2026-09-29T13:10:50Z 00O t16[017] ok
2026-09-29T13:10:51Z 00O t16[018] ok
2026-09-29T13:10:51Z 00O t16[019] ok
2026-09-29T13:10:51Z 00O t16[020] ok
2026-09-29T13:10:51Z 00O t16[021] ok
2026-09-29T13:10:51Z 00O t16[022] ok
2026-09-29T13:10:52Z 00O t16[023] ok
2026-09-29T13:10:52Z 00O t16[024] ok
2026-09-29T13:10:52Z 00O t16[025] ok
2026-09-29T13:10:52Z 00O t16[026] ok
2026-09-29T13:10:52Z 00O t16[027] ok
2026-09-29T13:10:53Z 00O t16[028] ok
2026-09-29T13:10:53Z 00O t16[029] ok
2026-09-29T13:10:53Z 00O t16[030] ok
2026-09-29T13:10:53Z 00O t16[031] ok
2026-09-29T13:10:53Z 00O t16[032] ok
2026-09-29T13:10:54Z 00O t16[033] ok
2026-09-29T13:10:54Z 00O t16[034] ok
2026-09-29T13:10:54Z 00O t16[035] ok
2026-09-29T13:10:54Z 00O t16[036] ok
2026-09-29T13:10:54Z 00O t16[037] ok
2026-09-29T13:10:55Z 00O t16[038] ok
2026-09-29T13:10:55Z 00O t16[039] ok
2026-09-29T13:10:55Z 00O t16[040] ok
2026-09-29T13:10:55Z 00O t16[041] ok
2026-09-29T13:10:55Z 00O t16[042] ok
2026-09-29T13:10:56Z 00O t16[043] ok
2026-09-29T13:10:56Z 00O t16[044] ok
2026-09-29T13:10:56Z 00O t16[045] ok
2026-09-29T13:10:56Z 00O t16[046] ok
2026-09-29T13:10:56Z 00O t16[047] ok
2026-09-29T13:10:57Z 00O t16[048] ok
2026-09-29T13:10:57Z 00O t16[049] ok
2026-09-29T13:10:57Z 00O t16[050] ok
2026-09-29T13:10:57Z 00O t16[051] ok
2026-09-29T13:10:57Z 00O t16[052] ok
2026-09-29T13:10:58Z 00O t16[053] ok
2026-09-29T13:10:58Z 00O t16[054] ok
2026-09-29T13:10:58Z 00O t16[055] ok
2026-09-29T13:10:58Z 00O t16[056] ok
2026-09-29T13:10:58Z 00O t16[057] ok
2026-09-29T13:10:59Z 00O t16[058] ok
2026-09-29T13:10:59Z 00O t16[059] ok
2026-09-29T13:10:59Z 00O t16[060] ok
2026-09-29T13:10:59Z 00O t16[061] ok
2026-09-29T13:10:59Z 00O t16[062] ok
2026-09-29T13:11:00Z 00O t16[063] ok
2026-09-29T13:11:00Z 00O t16[064] ok
2026-09-29T13:11:00Z 00O t16[065] ok
2026-09-29T13:11:00Z 00O t16[066] ok
2026-09-29T13:11:00Z 00O t16[067] ok
2026-09-29T13:11:01Z 00O t16[068] ok
2026-09-29T13:11:01Z 00O t16[069] ok
2026-09-29T13:11:01Z 00O t16[070] ok
2026-09-29T13:11:01Z 00O t16[071] ok
2026-09-29T13:11:01Z 00O t16[072] ok
2026-09-29T13:11:02Z 00O t16[073] ok
2026-09-29T13:11:02Z 00O t16[074] ok
2026-09-29T13:11:02Z 00O t16[075] ok
2026-09-29T13:11:02Z 00O t16[076] ok
2026-09-29T13:11:02Z 00O t16[077] ok
2026-09-29T13:11:03Z 00O t16[078] ok
2026-09-29T13:11:03Z 00O t16[079] ok
2026-09-29T13:11:03Z 00O t16[080] ok
2026-09-29T13:11:03Z 00O t16[081] ok
2026-09-29T13:11:03Z 00O t16[082] ok
2026-09-29T13:11:04Z 00O t16[083] ok
2026-09-29T13:11:04Z 00O t16[084] ok
2026-09-29T13:11:04Z 00O t16[085] ok
2026-09-29T13:11:04Z 00O t16[086] ok
2026-09-29T13:11:04Z 00O t16[087] ok
2026-09-29T13:11:05Z 00O t16[088] ok
2026-09-29T13:11:05Z 00O t16[089] ok
2026-09-29T13:11:05Z 00O t16[090] ok
2026-09-29T13:11:05Z 00O t16[091] ok
2026-09-29T13:11:05Z 00O t16[092] ok
2026-09-29T13:11:06Z 00O t16[093] ok
2026-09-29T13:11:06Z 00O t16[094] ok
2026-09-29T13:11:06Z 00O t16[095] ok
2026-09-29T13:11:06Z 00O t16[096] ok
2026-09-29T13:11:06Z 00O t16[097] ok
2026-09-29T13:11:07Z 00O t16[098] ok
2026-09-29T13:11:07Z 00O t16[099] ok
2026-09-29T13:11:07Z 00O t16[100] ok
2026-09-29T13:11:07Z 00O t16[101] ok
2026-09-29T13:11:07Z 00O t16[102] ok
2026-09-29T13:11:08Z 00O t16[103] ok
2026-09-29T13:11:08Z 00O t16[104] ok
2026-09-29T13:11:08Z 00O t16[105] ok
2026-09-29T13:11:08Z 00O t16[106] ok
2026-09-29T13:11:08Z 00O t16[107] ok
2026-09-29T13:11:09Z 00O t16[108] ok
2026-09-29T13:11:09Z 00O t16[109] ok
2026-09-29T13:11:09Z 00O t16[110] ok
2026-09-29T13:11:09Z 00O t16[111] ok
2026-09-29T13:11:09Z 00O t16[112] ok
2026-09-29T13:11:10Z 00O t16[113] ok
2026-09-29T13:11:10Z 00O t16[114] ok
2026-09-29T13:11:10Z 00O t16[115] ok
2026-09-29T13:11:10Z 00O t16[116] ok
2026-09-29T13:11:10Z 00O t16[117] ok
2026-09-29T13:11:11Z 00O t16[118] ok
2026-09-29T13:11:11Z 00O t16[119] ok
2026-09-29T13:11:11Z 00O t16[120] ok
2026-09-29T13:11:11Z 00O t16[121] ok
2026-09-29T13:11:11Z 00O t16[122] ok
2026-09-29T13:11:12Z 00O t16[123] ok
2026-09-29T13:11:12Z 00O t16[124] ok
2026-09-29T13:11:12Z 00O t16[125] ok
2026-09-29T13:11:12Z 00O t16[126] ok
2026-09-29T13:11:12Z 00O t16[127] ok
2026-09-29T13:11:13Z 00O t16[128] ok
2026-09-29T13:11:13Z 00O t16[129] ok
2026-09-29T13:11:13Z 00O t16[130] ok
2026-09-29T13:11:13Z 00O t16[131] ok
2026-09-29T13:11:13Z 00O t16[132] ok
2026-09-29T13:11:14Z 00O t16[133] ok
2026-09-29T13:11:14Z 00O t16[134] ok
2026-09-29T13:11:14Z 00O t16[135] ok
2026-09-29T13:11:14Z 00O t16[136] ok
2026-09-29T13:11:14Z 00O t16[137] ok
2026-09-29T13:11:15Z 00O t16[138] ok
2026-09-29T13:11:15Z 00O t16[139] ok
2026-09-29T13:11:15Z 00O t16[140] ok
2026-09-29T13:11:15Z 00O t16[141] ok
2026-09-29T13:11:15Z 00O t16[142] ok
2026-09-29T13:11:16Z 00O t16[143] ok
2026-09-29T13:11:16Z 00O t16[144] ok
2026-09-29T13:11:16Z 00O t16[145] ok
2026-09-29T13:11:16Z 00O t16[146] ok
2026-09-29T13:11:16Z 00O t16[147] ok
2026-09-29T13:11:17Z 00O t16[148] ok
2026-09-29T13:11:17Z 00O t16[149] ok
2026-09-29T13:11:17Z 00O t16[150] ok
2026-09-29T13:11:17Z 00O t16[151] ok
2026-09-29T13:11:17Z 00O t16[152] ok
2026-09-29T13:11:18Z 00O t16[153] ok
2026-09-29T13:11:18Z 00O t16[154] ok
2026-09-29T13:11:18Z 00O t16[155] ok
2026-09-29T13:11:18Z 00O t16[156] ok
2026-09-29T13:11:18Z 00O t16[157] ok
2026-09-29T13:11:19Z 00O t16[158] ok
2026-09-29T13:11:19Z 00O t16[159] ok
2026-09-29T13:11:19Z 00O t16[160] ok
2026-09-29T13:11:19Z 00O t16[161] ok
2026-09-29T13:11:19Z 00O t16[162] ok
2026-09-29T13:11:20Z 00O t16[163] ok
2026-09-29T13:11:20Z 00O t16[164] ok
2026-09-29T13:11:20Z 00O t16[165] ok
2026-09-29T13:11:20Z 00O t16[166] ok
2026-09-29T13:11:20Z 00O t16[167] ok
2026-09-29T13:11:21Z 00O t16[168] ok
2026-09-29T13:11:21Z 00O t16[169] ok
2026-09-29T13:11:21Z 00O t16[170] ok
2026-09-29T13:11:21Z 00O t16[171] ok
2026-09-29T13:11:21Z 00O t16[172] ok
2026-09-29T13:11:22Z 00O t16[173] ok
2026-09-29T13:11:22Z 00O t16[174] ok
2026-09-29T13:11:22Z 00O t16[175] ok
2026-09-29T13:11:22Z 00O t16[176] ok
2026-09-29T13:11:22Z 00O t16[177] ok
2026-09-29T13:11:23Z 00O t16[178] ok
2026-09-29T13:11:23Z 00O t16[179] ok
2026-09-29T13:11:23Z 00O t16[180] ok
2026-09-29T13:11:23Z 00O t16[181] ok
2026-09-29T13:11:23Z 00O t16[182] ok
2026-09-29T13:11:24Z 00O t16[183] ok
2026-09-29T13:11:24Z 00O t16[184] ok
2026-09-29T13:11:24Z 00O t16[185] ok
2026-09-29T13:11:24Z 00O t16[186] ok
2026-09-29T13:11:24Z 00O t16[187] ok
2026-09-29T13:11:25Z 00O t16[188] ok
2026-09-29T13:11:25Z 00O t16[189] ok
2026-09-29T13:11:25Z 00O t16[190] ok
2026-09-29T13:11:25Z 00O t16[191] ok
2026-09-29T13:11:25Z 00O t16[192] ok
2026-09-29T13:11:26Z 00O t16[193] ok
2026-09-29T13:11:26Z 00O t16[194] ok
2026-09-29T13:11:26Z 00O t16[195] ok
2026-09-29T13:11:26Z 00O t16[196] ok
2026-09-29T13:11:26Z 00O t16[197] ok
2026-09-29T13:11:27Z 00O t16[198] ok
2026-09-29T13:11:27Z 00O t16[199] ok
2026-09-29T13:11:27Z 00O t17[000] ok
2026-09-29T13:11:27Z 00O t17[001] ok
2026-09-29T13:11:27Z 00O t17[002] ok
2026-09-29T13:11:28Z 00O t17[003] ok
2026-09-29T13:11:28Z 00O t17[004] ok
2026-09-29T13:11:28Z 00O t17[005] ok
2026-09-29T13:11:28Z 00O t17[006] ok
2026-09-29T13:11:28Z 00O t17[007] ok
2026-09-29T13:11:29Z 00O t17[008] ok
2026-09-29T13:11:29Z 00O t17[009] ok
2026-09-29T13:11:29Z 00O t17[010] ok
2026-09-29T13:11:29Z 00O t17[011] ok
2026-09-29T13:11:29Z 00O t17[012] ok
2026-09-29T13:11:30Z 00O t17[013] ok
2026-09-29T13:11:30Z 00O t17[014] ok
2026-09-29T13:11:30Z 00O t17[015] ok
2026-09-29T13:11:30Z 00O t17[016] ok
2026-09-29T13:11:30Z 00O t17[017] ok
2026-09-29T13:11:31Z 00O t17[018] ok
2026-09-29T13:11:31Z 00O t17[019] ok
2026-09-29T13:11:31Z 00O t17[020] ok
2026-09-29T13:11:31Z 00O t17[021] ok
2026-09-29T13:11:31Z 00O t17[022] ok
2026-09-29T13:11:32Z 00O t17[023] ok
2026-09-29T13:11:32Z 00O t17[024] ok
2026-09-29T13:11:32Z 00O t17[025] ok
2026-09-29T13:11:32Z 00O t17[026] ok
2026-09-29T13:11:32Z 00O t17[027] ok
2026-09-29T13:11:33Z 00O t17[028] ok
2026-09-29T13:11:33Z 00O t17[029] ok
2026-09-29T13:11:33Z 00O t17[030] ok
2026-09-29T13:11:33Z 00O t17[031] ok
2026-09-29T13:11:33Z 00O t17[032] ok
2026-09-29T13:11:34Z 00O t17[033] ok
2026-09-29T13:11:34Z 00O t17[034] ok
2026-09-29T13:11:34Z 00O t17[035] ok
2026-09-29T13:11:34Z 00O t17[036] ok
2026-09-29T13:11:34Z 00O t17[037] ok
2026-09-29T13:11:35Z 00O t17[038] ok
2026-09-29T13:11:35Z 00O t17[039] ok
2026-09-29T13:11:35Z 00O t17[040] ok
2026-09-29T13:11:35Z 00O t17[041] ok
2026-09-29T13:11:35Z 00O t17[042] ok
2026-09-29T13:11:36Z 00O t17[043] ok
2026-09-29T13:11:36Z 00O t17[044] ok
2026-09-29T13:11:36Z 00O t17[045] ok
2026-09-29T13:11:36Z 00O t17[046] ok
2026-09-29T13:11:36Z 00O t17[047] ok
2026-09-29T13:11:37Z 00O t17[048] ok
2026-09-29T13:11:37Z 00O t17[049] ok
2026-09-29T13:11:37Z 00O t17[050] ok
2026-09-29T13:11:37Z 00O t17[051] ok
2026-09-29T13:11:37Z 00O t17[052] ok
2026-09-29T13:11:38Z 00O t17[053] ok
2026-09-29T13:11:38Z 00O t17[054] ok
2026-09-29T13:11:38Z 00O t17[055] ok
2026-09-29T13:11:38Z 00O t17[056] ok
2026-09-29T13:11:38Z 00O t17[057] ok
2026-09-29T13:11:39Z 00O t17[058] ok
2026-09-29T13:11:39Z 00O t17[059] ok
2026-09-29T13:11:39Z 00O t17[060] ok
2026-09-29T13:11:39Z 00O t17[061] ok
2026-09-29T13:11:39Z 00O t17[062] ok
2026-09-29T13:11:40Z 00O t17[063] ok
2026-09-29T13:11:40Z 00O t17[064] ok
2026-09-29T13:11:40Z 00O t17[065] ok
2026-09-29T13:11:40Z 00O t17[066] ok
2026-09-29T13:11:40Z 00O t17[067] ok
2026-09-29T13:11:41Z 00O t17[068] ok
2026-09-29T13:11:41Z 00O t17[069] ok
2026-09-29T13:11:41Z 00O t17[070] ok
2026-09-29T13:11:41Z 00O t17[071] ok
2026-09-29T13:11:41Z 00O t17[072] ok
2026-09-29T13:11:42Z 00O t17[073] ok
2026-09-29T13:11:42Z 00O t17[074] ok
2026-09-29T13:11:42Z 00O t17[075] ok
2026-09-29T13:11:42Z 00O t17[076] ok
2026-09-29T13:11:42Z 00O t17[077] ok
2026-09-29T13:11:43Z 00O t17[078] ok
2026-09-29T13:11:43Z 00O t17[079] ok
2026-09-29T13:11:43Z 00O t17[080] ok
2026-09-29T13:11:43Z 00O t17[081] ok
2026-09-29T13:11:43Z 00O t17[082] ok
2026-09-29T13:11:44Z 00O t17[083] ok
2026-09-29T13:11:44Z 00O t17[084] ok
2026-09-29T13:11:44Z 00O t17[085] ok
2026-09-29T13:11:44Z 00O t17[086] ok
2026-09-29T13:11:44Z 00O t17[087] ok
2026-09-29T13:11:45Z 00O t17[088] ok
2026-09-29T13:11:45Z 00O t17[089] ok
2026-09-29T13:11:45Z 00O t17[090] ok
2026-09-29T13:11:45Z 00O t17[091] ok
2026-09-29T13:11:45Z 00O t17[092] ok
2026-09-29T13:11:46Z 00O t17[093] ok
2026-09-29T13:11:46Z 00O t17[094] ok
2026-09-29T13:11:46Z 00O t17[095] ok
2026-09-29T13:11:46Z 00O t17[096] ok
2026-09-29T13:11:46Z 00O t17[097] ok
2026-09-29T13:11:47Z 00O t17[098] ok
2026-09-29T13:11:47Z 00O t17[099] ok
2026-09-29T13:11:47Z 00O t17[100] ok
2026-09-29T13:11:47Z 00O t17[101] ok
2026-09-29T13:11:47Z 00O t17[102] ok
2026-09-29T13:11:48Z 00O t17[103] ok
2026-09-29T13:11:48Z 00O t17[104] ok
2026-09-29T13:11:48Z 00O t17[105] ok
2026-09-29T13:11:48Z 00O t17[106] ok
2026-09-29T13:11:48Z 00O t17[107] ok
2026-09-29T13:11:49Z 00O t17[108] ok
2026-09-29T13:11:49Z 00O t17[109] ok
2026-09-29T13:11:49Z 00O t17[110] ok
2026-09-29T13:11:49Z 00O t17[111] ok
2026-09-29T13:11:49Z 00O t17[112] ok
2026-09-29T13:11:50Z 00O t17[113] ok
2026-09-29T13:11:50Z 00O t17[114] ok
2026-09-29T13:11:50Z 00O t17[115] ok
2026-09-29T13:11:50Z 00O t17[116] ok
2026-09-29T13:11:50Z 00O t17[117] ok
2026-09-29T13:11:51Z 00O t17[118] ok
2026-09-29T13:11:51Z 00O t17[119] ok
2026-09-29T13:11:51Z 00O t17[120] ok
2026-09-29T13:11:51Z 00O t17[121] ok
2026-09-29T13:11:51Z 00O t17[122] ok
2026-09-29T13:11:52Z 00O t17[123] ok
2026-09-29T13:11:52Z 00O t17[124] ok
2026-09-29T13:11:52Z 00O t17[125] ok
2026-09-29T13:11:52Z 00O t17[126] ok
2026-09-29T13:11:52Z 00O t17[127] ok
2026-09-29T13:11:53Z 00O t17[128] ok
2026-09-29T13:11:53Z 00O t17[129] ok
2026-09-29T13:11:53Z 00O t17[130] ok
2026-09-29T13:11:53Z 00O t17[131] ok
2026-09-29T13:11:53Z 00O t17[132] ok
2026-09-29T13:11:54Z 00O t17[133] ok
2026-09-29T13:11:54Z 00O t17[134] ok
2026-09-29T13:11:54Z 00O t17[135] ok
2026-09-29T13:11:54Z 00O t17[136] ok
2026-09-29T13:11:54Z 00O t17[137] ok
2026-09-29T13:11:55Z 00O t17[138] ok
2026-09-29T13:11:55Z 00O t17[139] ok
2026-09-29T13:11:55Z 00O t17[140] ok
2026-09-29T13:11:55Z 00O t17[141] ok
2026-09-29T13:11:55Z 00O t17[142] ok
2026-09-29T13:11:56Z 00O t17[143] ok
2026-09-29T13:11:56Z 00O t17[144] ok
2026-09-29T13:11:56Z 00O t17[145] ok
2026-09-29T13:11:56Z 00O t17[146] ok
2026-09-29T13:11:56Z 00O t17[147] ok
2026-09-29T13:11:57Z 00O t17[148] ok
2026-09-29T13:11:57Z 00O t17[149] ok
2026-09-29T13:11:57Z 00O t17[150] ok
2026-09-29T13:11:57Z 00O t17[151] ok
2026-09-29T13:11:57Z 00O t17[152] ok
2026-09-29T13:11:58Z 00O t17[153] ok
2026-09-29T13:11:58Z 00O t17[154] ok
2026-09-29T13:11:58Z 00O t17[155] ok
2026-09-29T13:11:58Z 00O t17[156] ok
2026-09-29T13:11:58Z 00O t17[157] ok
2026-09-29T13:11:59Z 00O t17[158] ok
2026-09-29T13:11:59Z 00O t17[159] ok
2026-09-29T13:11:59Z 00O t17[160] ok
2026-09-29T13:11:59Z 00O t17[161] ok
2026-09-29T13:11:59Z 00O t17[162] ok
2026-09-29T13:12:00Z 00O t17[163] ok
2026-09-29T13:12:00Z 00O t17[164] ok
2026-09-29T13:12:00Z 00O t17[165] ok
2026-09-29T13:12:00Z 00O t17[166] ok
2026-09-29T13:12:00Z 00O t17[167] ok
2026-09-29T13:12:01Z 00O t17[168] ok
2026-09-29T13:12:01Z 00O t17[169] ok
2026-09-29T13:12:01Z 00O t17[170] ok
2026-09-29T13:12:01Z 00O t17[171] ok
2026-09-29T13:12:01Z 00O t17[172] ok
2026-09-29T13:12:02Z 00O t17[173] ok
2026-09-29T13:12:02Z 00O t17[174] ok
2026-09-29T13:12:02Z 00O t17[175] ok
2026-09-29T13:12:02Z 00O t17[176] ok
2026-09-29T13:12:02Z 00O t17[177] ok
2026-09-29T13:12:03Z 00O t17[178] ok
2026-09-29T13:12:03Z 00O t17[179] ok
2026-09-29T13:12:03Z 00O t17[180] ok
2026-09-29T13:12:03Z 00O t17[181] ok
2026-09-29T13:12:03Z 00O t17[182] ok
2026-09-29T13:12:04Z 00O t17[183] ok
2026-09-29T13:12:04Z 00O t17[184] ok
2026-09-29T13:12:04Z 00O t17[185] ok
2026-09-29T13:12:04Z 00O t17[186] ok
2026-09-29T13:12:04Z 00O t17[187] ok
2026-09-29T13:12:05Z 00O t17[188] ok
2026-09-29T13:12:05Z 00O t17[189] ok
2026-09-29T13:12:05Z 00O t17[190] ok
2026-09-29T13:12:05Z 00O t17[191] ok
2026-09-29T13:12:05Z 00O t17[192] ok
2026-09-29T13:12:06Z 00O t17[193] ok
2026-09-29T13:12:06Z 00O t17[194] ok
2026-09-29T13:12:06Z 00O t17[195] ok
2026-09-29T13:12:06Z 00O t17[196] ok
2026-09-29T13:12:06Z 00O t17[197] ok
2026-09-29T13:12:07Z 00O t17[198] ok
2026-09-29T13:12:07Z 00O t17[199] ok
2026-09-29T13:12:07Z 00O t18[000] ok
2026-09-29T13:12:07Z 00O t18[001] ok
2026-09-29T13:12:07Z 00O t18[002] ok
2026-09-29T13:12:08Z 00O t18[003] ok
2026-09-29T13:12:08Z 00O t18[004] ok
2026-09-29T13:12:08Z 00O t18[005] ok
2026-09-29T13:12:08Z 00O t18[006] ok
2026-09-29T13:12:08Z 00O t18[007] ok
2026-09-29T13:12:09Z 00O t18[008] ok
2026-09-29T13:12:09Z 00O t18[009] ok
2026-09-29T13:12:09Z 00O t18[010] ok
2026-09-29T13:12:09Z 00O t18[011] ok
2026-09-29T13:12:09Z 00O t18[012] ok
2026-09-29T13:12:10Z 00O t18[013] ok
2026-09-29T13:12:10Z 00O t18[014] ok
2026-09-29T13:12:10Z 00O t18[015] ok
2026-09-29T13:12:10Z 00O t18[016] ok
2026-09-29T13:12:10Z 00O t18[017] ok
2026-09-29T13:12:11Z 00O t18[018] ok
2026-09-29T13:12:11Z 00O t18[019] ok
2026-09-29T13:12:11Z 00O t18[020] ok
2026-09-29T13:12:11Z 00O t18[021] ok
2026-09-29T13:12:11Z 00O t18[022] ok
2026-09-29T13:12:12Z 00O t18[023] ok
2026-09-29T13:12:12Z 00O t18[024] ok
2026-09-29T13:12:12Z 00O t18[025] ok
2026-09-29T13:12:12Z 00O t18[026] ok
2026-09-29T13:12:12Z 00O t18[027] ok
2026-09-29T13:12:13Z 00O t18[028] ok
2026-09-29T13:12:13Z 00O t18[029] ok
2026-09-29T13:12:13Z 00O t18[030] ok
2026-09-29T13:12:13Z 00O t18[031] ok
2026-09-29T13:12:13Z 00O t18[032] ok
2026-09-29T13:12:14Z 00O t18[033] ok
2026-09-29T13:12:14Z 00O t18[034] ok
2026-09-29T13:12:14Z 00O t18[035] ok
2026-09-29T13:12:14Z 00O t18[036] ok
2026-09-29T13:12:14Z 00O t18[037] ok
2026-09-29T13:12:15Z 00O t18[038] ok
2026-09-29T13:12:15Z 00O t18[039] ok
2026-09-29T13:12:15Z 00O t18[040] ok
2026-09-29T13:12:15Z 00O t18[041] ok
2026-09-29T13:12:15Z 00O t18[042] ok
2026-09-29T13:12:16Z 00O t18[043] ok
2026-09-29T13:12:16Z 00O t18[044] ok
2026-09-29T13:12:16Z 00O t18[045] ok
2026-09-29T13:12:16Z 00O t18[046] ok
2026-09-29T13:12:16Z 00O t18[047] ok
2026-09-29T13:12:17Z 00O t18[048] ok
2026-09-29T13:12:17Z 00O t18[049] ok
2026-09-29T13:12:17Z 00O t18[050] ok
2026-09-29T13:12:17Z 00O t18[051] ok
2026-09-29T13:12:17Z 00O t18[052] ok
2026-09-29T13:12:18Z 00O t18[053] ok
2026-09-29T13:12:18Z 00O t18[054] ok
2026-09-29T13:12:18Z 00O t18[055] ok
2026-09-29T13:12:18Z 00O t18[056] ok
2026-09-29T13:12:18Z 00O t18[057] ok
2026-09-29T13:12:19Z 00O t18[058] ok
2026-09-29T13:12:19Z 00O t18[059] ok
2026-09-29T13:12:19Z 00O t18[060] ok
2026-09-29T13:12:19Z 00O t18[061] ok
2026-09-29T13:12:19Z 00O t18[062] ok
2026-09-29T13:12:20Z 00O t18[063] ok
2026-09-29T13:12:20Z 00O t18[064] ok
2026-09-29T13:12:20Z 00O t18[065] ok
2026-09-29T13:12:20Z 00O t18[066] ok
2026-09-29T13:12:20Z 00O t18[067] ok
2026-09-29T13:12:21Z 00O t18[068] ok
2026-09-29T13:12:21Z 00O t18[069] ok
2026-09-29T13:12:21Z 00O t18[070] ok
2026-09-29T13:12:21Z 00O t18[071] ok
2026-09-29T13:12:21Z 00O t18[072] ok
2026-09-29T13:12:22Z 00O t18[073] ok
2026-09-29T13:12:22Z 00O t18[074] ok
2026-09-29T13:12:22Z 00O t18[075] ok
2026-09-29T13:12:22Z 00O t18[076] ok
2026-09-29T13:12:22Z 00O t18[077] ok
2026-09-29T13:12:23Z 00O t18[078] ok
2026-09-29T13:12:23Z 00O t18[079] ok
2026-09-29T13:12:23Z 00O t18[080] ok
2026-09-29T13:12:23Z 00O t18[081] ok
2026-09-29T13:12:23Z 00O t18[082] ok
2026-09-29T13:12:24Z 00O t18[083] ok
2026-09-29T13:12:24Z 00O t18[084] ok
2026-09-29T13:12:24Z 00O t18[085] ok
2026-09-29T13:12:24Z 00O t18[086] ok
2026-09-29T13:12:24Z 00O t18[087] ok
2026-09-29T13:12:25Z 00O t18[088] ok
2026-09-29T13:12:25Z 00O t18[089] ok
2026-09-29T13:12:25Z 00O t18[090] ok
2026-09-29T13:12:25Z 00O t18[091] ok
2026-09-29T13:12:25Z 00O t18[092] ok
2026-09-29T13:12:26Z 00O t18[093] ok
2026-09-29T13:12:26Z 00O t18[094] ok
2026-09-29T13:12:26Z 00O t18[095] ok
2026-09-29T13:12:26Z 00O t18[096] ok
2026-09-29T13:12:26Z 00O t18[097] ok
2026-09-29T13:12:27Z 00O t18[098] ok
2026-09-29T13:12:27Z 00O t18[099] ok
2026-09-29T13:12:27Z 00O t18[100] ok
2026-09-29T13:12:27Z 00O t18[101] ok
2026-09-29T13:12:27Z 00O t18[102] ok
2026-09-29T13:12:28Z 00O t18[103] ok
2026-09-29T13:12:28Z 00O t18[104] ok
2026-09-29T13:12:28Z 00O t18[105] ok
2026-09-29T13:12:28Z 00O t18[106] ok
2026-09-29T13:12:28Z 00O t18[107] ok
2026-09-29T13:12:29Z 00O t18[108] ok
2026-09-29T13:12:29Z 00O t18[109] ok
2026-09-29T13:12:29Z 00O t18[110] ok
2026-09-29T13:12:29Z 00O t18[111] ok
2026-09-29T13:12:29Z 00O t18[112] ok
2026-09-29T13:12:30Z 00O t18[113] ok
2026-09-29T13:12:30Z 00O t18[114] ok
2026-09-29T13:12:30Z 00O t18[115] ok
2026-09-29T13:12:30Z 00O t18[116] ok
2026-09-29T13:12:30Z 00O t18[117] ok
2026-09-29T13:12:31Z 00O t18[118] ok
2026-09-29T13:12:31Z 00O t18[119] ok
2026-09-29T13:12:31Z 00O t18[120] ok
2026-09-29T13:12:31Z 00O t18[121] ok
2026-09-29T13:12:31Z 00O t18[122] ok
2026-09-29T13:12:32Z 00O t18[123] ok
2026-09-29T13:12:32Z 00O t18[124] ok
2026-09-29T13:12:32Z 00O t18[125] ok
2026-09-29T13:12:32Z 00O t18[126] ok
2026-09-29T13:12:32Z 00O t18[127] ok
2026-09-29T13:12:33Z 00O t18[128] ok
2026-09-29T13:12:33Z 00O t18[129] ok
2026-09-29T13:12:33Z 00O t18[130] ok
2026-09-29T13:12:33Z 00O t18[131] ok
2026-09-29T13:12:33Z 00O t18[132] ok
2026-09-29T13:12:34Z 00O t18[133] ok
2026-09-29T13:12:34Z 00O t18[134] ok
2026-09-29T13:12:34Z 00O t18[135] ok
2026-09-29T13:12:34Z 00O t18[136] ok
2026-09-29T13:12:34Z 00O t18[137] ok
2026-09-29T13:12:35Z 00O t18[138] ok
2026-09-29T13:12:35Z 00O t18[139] ok
2026-09-29T13:12:35Z 00O t18[140] ok
2026-09-29T13:12:35Z 00O t18[141] ok
2026-09-29T13:12:35Z 00O t18[142] ok
2026-09-29T13:12:36Z 00O t18[143] ok
2026-09-29T13:12:36Z 00O t18[144] ok
2026-09-29T13:12:36Z 00O t18[145] ok
2026-09-29T13:12:36Z 00O t18[146] ok
2026-09-29T13:12:36Z 00O t18[147] ok
2026-09-29T13:12:37Z 00O t18[148] ok
2026-09-29T13:12:37Z 00O t18[149] ok
2026-09-29T13:12:37Z 00O t18[150] ok
2026-09-29T13:12:37Z 00O t18[151] ok
2026-09-29T13:12:37Z 00O t18[152] ok
2026-09-29T13:12:38Z 00O t18[153] ok
2026-09-29T13:12:38Z 00O t18[154] ok
2026-09-29T13:12:38Z 00O t18[155] ok
2026-09-29T13:12:38Z 00O t18[156] ok
2026-09-29T13:12:38Z 00O t18[157] ok
2026-09-29T13:12:39Z 00O t18[158] ok
2026-09-29T13:12:39Z 00O t18[159] ok
2026-09-29T13:12:39Z 00O t18[160] ok
2026-09-29T13:12:39Z 00O t18[161] ok
2026-09-29T13:12:39Z 00O t18[162] ok
2026-09-29T13:12:40Z 00O t18[163] ok
2026-09-29T13:12:40Z 00O t18[164] ok
2026-09-29T13:12:40Z 00O t18[165] ok
2026-09-29T13:12:40Z 00O t18[166] ok
2026-09-29T13:12:40Z 00O t18[167] ok
2026-09-29T13:12:41Z 00O t18[168] ok
2026-09-29T13:12:41Z 00O t18[169] ok
2026-09-29T13:12:41Z 00O t18[170] ok
2026-09-29T13:12:41Z 00O t18[171] ok
2026-09-29T13:12:41Z 00O t18[172] ok
2026-09-29T13:12:42Z 00O t18[173] ok
2026-09-29T13:12:42Z 00O t18[174] ok
2026-09-29T13:12:42Z 00O t18[175] ok
2026-09-29T13:12:42Z 00O t18[176] ok
2026-09-29T13:12:42Z 00O t18[177] ok
2026-09-29T13:12:43Z 00O t18[178] ok
2026-09-29T13:12:43Z 00O t18[179] ok
2026-09-29T13:12:43Z 00O t18[180] ok
2026-09-29T13:12:43Z 00O t18[181] ok
2026-09-29T13:12:43Z 00O t18[182] ok
2026-09-29T13:12:44Z 00O t18[183] ok
2026-09-29T13:12:44Z 00O t18[184] ok
2026-09-29T13:12:44Z 00O t18[185] ok
2026-09-29T13:12:44Z 00O t18[186] ok
2026-09-29T13:12:44Z 00O t18[187] ok
2026-09-29T13:12:45Z 00O t18[188] ok
2026-09-29T13:12:45Z 00O t18[189] ok
2026-09-29T13:12:45Z 00O t18[190] ok
2026-09-29T13:12:45Z 00O t18[191] ok
2026-09-29T13:12:45Z 00O t18[192] ok
2026-09-29T13:12:46Z 00O t18[193] ok
2026-09-29T13:12:46Z 00O t18[194] ok
2026-09-29T13:12:46Z 00O t18[195] ok
2026-09-29T13:12:46Z 00O t18[196] ok
2026-09-29T13:12:46Z 00O t18[197] ok
2026-09-29T13:12:47Z 00O t18[198] ok
2026-09-29T13:12:47Z 00O t18[199] ok
2026-09-29T13:12:47Z 00O t19[000] ok
2026-09-29T13:12:47Z 00O t19[001] ok
2026-09-29T13:12:47Z 00O t19[002] ok
2026-09-29T13:12:48Z 00O t19[003] ok
2026-09-29T13:12:48Z 00O t19[004] ok
2026-09-29T13:12:48Z 00O t19[005] ok
2026-09-29T13:12:48Z 00O t19[006] ok
2026-09-29T13:12:48Z 00O t19[007] ok
2026-09-29T13:12:49Z 00O t19[008] ok
2026-09-29T13:12:49Z 00O t19[009] ok
2026-09-29T13:12:49Z 00O t19[010] ok
2026-09-29T13:12:49Z 00O t19[011] ok
2026-09-29T13:12:49Z 00O t19[012] ok
2026-09-29T13:12:50Z 00O t19[013] ok
2026-09-29T13:12:50Z 00O t19[014] ok
2026-09-29T13:12:50Z 00O t19[015] ok
2026-09-29T13:12:50Z 00O t19[016] ok
2026-09-29T13:12:50Z 00O t19[017] ok
2026-09-29T13:12:51Z 00O t19[018] ok
2026-09-29T13:12:51Z 00O t19[019] ok
2026-09-29T13:12:51Z 00O t19[020] ok
2026-09-29T13:12:51Z 00O t19[021] ok
2026-09-29T13:12:51Z 00O t19[022] ok
2026-09-29T13:12:52Z 00O t19[023] ok
2026-09-29T13:12:52Z 00O t19[024] ok
2026-09-29T13:12:52Z 00O t19[025] ok
2026-09-29T13:12:52Z 00O t19[026] ok
2026-09-29T13:12:52Z 00O t19[027] ok
2026-09-29T13:12:53Z 00O t19[028] ok
2026-09-29T13:12:53Z 00O t19[029] ok
2026-09-29T13:12:53Z 00O t19[030] ok
2026-09-29T13:12:53Z 00O t19[031] ok
2026-09-29T13:12:53Z 00O t19[032] ok
2026-09-29T13:12:54Z 00O t19[033] ok
2026-09-29T13:12:54Z 00O t19[034] ok
2026-09-29T13:12:54Z 00O t19[035] ok
2026-09-29T13:12:54Z 00O t19[036] ok
2026-09-29T13:12:54Z 00O t19[037] ok
2026-09-29T13:12:55Z 00O t19[038] ok
2026-09-29T13:12:55Z 00O t19[039] ok
2026-09-29T13:12:55Z 00O t19[040] ok
2026-09-29T13:12:55Z 00O t19[041] ok
2026-09-29T13:12:55Z 00O t19[042] ok
2026-09-29T13:12:56Z 00O t19[043] ok
2026-09-29T13:12:56Z 00O t19[044] ok
2026-09-29T13:12:56Z 00O t19[045] ok
2026-09-29T13:12:56Z 00O t19[046] ok
2026-09-29T13:12:56Z 00O t19[047] ok
2026-09-29T13:12:57Z 00O t19[048] ok
2026-09-29T13:12:57Z 00O t19[049] ok
2026-09-29T13:12:57Z 00O t19[050] ok
2026-09-29T13:12:57Z 00O t19[051] ok
2026-09-29T13:12:57Z 00O t19[052] ok
2026-09-29T13:12:58Z 00O t19[053] ok
2026-09-29T13:12:58Z 00O t19[054] ok
2026-09-29T13:12:58Z 00O t19[055] ok
2026-09-29T13:12:58Z 00O t19[056] ok
2026-09-29T13:12:58Z 00O t19[057] ok
2026-09-29T13:12:59Z 00O t19[058] ok
2026-09-29T13:12:59Z 00O t19[059] ok
2026-09-29T13:12:59Z 00O t19[060] ok
2026-09-29T13:12:59Z 00O t19[061] ok
2026-09-29T13:12:59Z 00O t19[062] ok
2026-09-29T13:13:00Z 00O t19[063] ok
2026-09-29T13:13:00Z 00O t19[064] ok
2026-09-29T13:13:00Z 00O t19[065] ok
2026-09-29T13:13:00Z 00O t19[066] ok
2026-09-29T13:13:00Z 00O t19[067] ok
2026-09-29T13:13:01Z 00O t19[068] ok
2026-09-29T13:13:01Z 00O t19[069] ok
2026-09-29T13:13:01Z 00O t19[070] ok
2026-09-29T13:13:01Z 00O t19[071] ok
2026-09-29T13:13:01Z 00O t19[072] ok
2026-09-29T13:13:02Z 00O t19[073] ok
2026-09-29T13:13:02Z 00O t19[074] ok
2026-09-29T13:13:02Z 00O t19[075] ok
2026-09-29T13:13:02Z 00O t19[076] ok
2026-09-29T13:13:02Z 00O t19[077] ok
2026-09-29T13:13:03Z 00O t19[078] ok
2026-09-29T13:13:03Z 00O t19[079] ok
2026-09-29T13:13:03Z 00O t19[080] ok
2026-09-29T13:13:03Z 00O t19[081] ok
2026-09-29T13:13:03Z 00O t19[082] ok
2026-09-29T13:13:04Z 00O t19[083] ok
2026-09-29T13:13:04Z 00O t19[084] ok
2026-09-29T13:13:04Z 00O t19[085] ok
2026-09-29T13:13:04Z 00O t19[086] ok
2026-09-29T13:13:04Z 00O t19[087] ok
2026-09-29T13:13:05Z 00O t19[088] ok
2026-09-29T13:13:05Z 00O t19[089] ok
2026-09-29T13:13:05Z 00O t19[090] ok
2026-09-29T13:13:05Z 00O t19[091] ok
2026-09-29T13:13:05Z 00O t19[092] ok
2026-09-29T13:13:06Z 00O t19[093] ok
2026-09-29T13:13:06Z 00O t19[094] ok
2026-09-29T13:13:06Z 00O t19[095] ok
2026-09-29T13:13:06Z 00O t19[096] ok
2026-09-29T13:13:06Z 00O t19[097] ok
2026-09-29T13:13:07Z 00O t19[098] ok
2026-09-29T13:13:07Z 00O t19[099] ok
2026-09-29T13:13:07Z 00O t19[100] ok
2026-09-29T13:13:07Z 00O t19[101] ok
2026-09-29T13:13:07Z 00O t19[102] ok
2026-09-29T13:13:08Z 00O t19[103] ok
2026-09-29T13:13:08Z 00O t19[104] ok
2026-09-29T13:13:08Z 00O t19[105] ok
2026-09-29T13:13:08Z 00O t19[106] ok
2026-09-29T13:13:08Z 00O t19[107] ok
2026-09-29T13:13:09Z 00O t19[108] ok
2026-09-29T13:13:09Z 00O t19[109] ok
2026-09-29T13:13:09Z 00O t19[110] ok
2026-09-29T13:13:09Z 00O t19[111] ok
2026-09-29T13:13:09Z 00O t19[112] ok
2026-09-29T13:13:10Z 00O t19[113] ok
2026-09-29T13:13:10Z 00O t19[114] ok
2026-09-29T13:13:10Z 00O t19[115] ok
2026-09-29T13:13:10Z 00O t19[116] ok
2026-09-29T13:13:10Z 00O t19[117] ok
2026-09-29T13:13:11Z 00O t19[118] ok
2026-09-29T13:13:11Z 00O t19[119] ok
2026-09-29T13:13:11Z 00O t19[120] ok
2026-09-29T13:13:11Z 00O t19[121] ok
2026-09-29T13:13:11Z 00O t19[122] ok
2026-09-29T13:13:12Z 00O t19[123] ok
2026-09-29T13:13:12Z 00O t19[124] ok
2026-09-29T13:13:12Z 00O t19[125] ok
2026-09-29T13:13:12Z 00O t19[126] ok
2026-09-29T13:13:12Z 00O t19[127] ok
2026-09-29T13:13:13Z 00O t19[128] ok
2026-09-29T13:13:13Z 00O t19[129] ok
2026-09-29T13:13:13Z 00O t19[130] ok
2026-09-29T13:13:13Z 00O t19[131] ok
2026-09-29T13:13:13Z 00O t19[132] ok
2026-09-29T13:13:14Z 00O t19[133] ok
2026-09-29T13:13:14Z 00O t19[134] ok
2026-09-29T13:13:14Z 00O t19[135] ok
2026-09-29T13:13:14Z 00O t19[136] ok
2026-09-29T13:13:14Z 00O t19[137] ok
2026-09-29T13:13:15Z 00O t19[138] ok
2026-09-29T13:13:15Z 00O t19[139] ok
2026-09-29T13:13:15Z 00O t19[140] ok
2026-09-29T13:13:15Z 00O t19[141] ok
2026-09-29T13:13:15Z 00O t19[142] ok
2026-09-29T13:13:16Z 00O t19[143] ok
2026-09-29T13:13:16Z 00O t19[144] ok
2026-09-29T13:13:16Z 00O t19[145] ok
2026-09-29T13:13:16Z 00O t19[146] ok
2026-09-29T13:13:16Z 00O t19[147] ok
2026-09-29T13:13:17Z 00O t19[148] ok
2026-09-29T13:13:17Z 00O t19[149] ok
2026-09-29T13:13:17Z 00O t19[150] ok
2026-09-29T13:13:17Z 00O t19[151] ok
2026-09-29T13:13:17Z 00O t19[152] ok
2026-09-29T13:13:18Z 00O t19[153] ok
2026-09-29T13:13:18Z 00O t19[154] ok
2026-09-29T13:13:18Z 00O t19[155] ok
2026-09-29T13:13:18Z 00O t19[156] ok
2026-09-29T13:13:18Z 00O t19[157] ok
2026-09-29T13:13:19Z 00O t19[158] ok
2026-09-29T13:13:19Z 00O t19[159] ok
2026-09-29T13:13:19Z 00O t19[160] ok
2026-09-29T13:13:19Z 00O t19[161] ok
2026-09-29T13:13:19Z 00O t19[162] ok
2026-09-29T13:13:20Z 00O t19[163] ok
2026-09-29T13:13:20Z 00O t19[164] ok
2026-09-29T13:13:20Z 00O t19[165] ok
2026-09-29T13:13:20Z 00O t19[166] ok
2026-09-29T13:13:20Z 00O t19[167] ok
2026-09-29T13:13:21Z 00O t19[168] ok
2026-09-29T13:13:21Z 00O t19[169] ok
2026-09-29T13:13:21Z 00O t19[170] ok
2026-09-29T13:13:21Z 00O t19[171] ok
2026-09-29T13:13:21Z 00O t19[172] ok
2026-09-29T13:13:22Z 00O t19[173] ok
2026-09-29T13:13:22Z 00O t19[174] ok
2026-09-29T13:13:22Z 00O t19[175] ok
2026-09-29T13:13:22Z 00O t19[176] ok
2026-09-29T13:13:22Z 00O t19[177] ok
2026-09-29T13:13:23Z 00O t19[178] ok
2026-09-29T13:13:23Z 00O t19[179] ok
2026-09-29T13:13:23Z 00O t19[180] ok
2026-09-29T13:13:23Z 00O t19[181] ok
2026-09-29T13:13:23Z 00O t19[182] ok
2026-09-29T13:13:24Z 00O t19[183] ok
2026-09-29T13:13:24Z 00O t19[184] ok
2026-09-29T13:13:24Z 00O t19[185] ok
2026-09-29T13:13:24Z 00O t19[186] ok
2026-09-29T13:13:24Z 00O t19[187] ok
2026-09-29T13:13:25Z 00O t19[188] ok
2026-09-29T13:13:25.881894Z 00O   DeprecationWarning: error_bad_lines is deprecated; use on_bad_lines instead
2026-09-29T13:13:25Z 00O t19[189] ok
2026-09-29T13:13:25Z 00O t19[190] ok
2026-09-29T13:13:25Z 00O t19[191] ok
2026-09-29T13:13:26Z 00O t19[192] ok
2026-09-29T13:13:26Z 00O t19[193] ok
2026-09-29T13:13:26Z 00O t19[194] ok
2026-09-29T13:13:26Z 00O t19[195] ok
2026-09-29T13:13:26Z 00O t19[196] ok
2026-09-29T13:13:27Z 00O t19[197] ok
2026-09-29T13:13:27Z 00O t19[198] ok
2026-09-29T13:13:27Z 00O t19[199] ok
2026-09-29T13:13:27Z 00O t20[000] ok
2026-09-29T13:13:27Z 00O t20[001] ok
2026-09-29T13:13:28Z 00O t20[002] ok
2026-09-29T13:13:28Z 00O t20[003] ok
2026-09-29T13:13:28Z 00O t20[004] ok
2026-09-29T13:13:28Z 00O t20[005] ok
2026-09-29T13:13:28Z 00O t20[006] ok
2026-09-29T13:13:29Z 00O t20[007] ok
2026-09-29T13:13:29Z 00O t20[008] ok
2026-09-29T13:13:29Z 00O t20[009] ok
2026-09-29T13:13:29Z 00O t20[010] ok
2026-09-29T13:13:29Z 00O t20[011] ok
2026-09-29T13:13:30Z 00O t20[012] ok
2026-09-29T13:13:30Z 00O t20[013] ok
2026-09-29T13:13:30Z 00O t20[014] ok
2026-09-29T13:13:30Z 00O t20[015] ok
2026-09-29T13:13:30Z 00O t20[016] ok
2026-09-29T13:13:31Z 00O t20[017] ok
2026-09-29T13:13:31Z 00O t20[018] ok
2026-09-29T13:13:31Z 00O t20[019] ok
2026-09-29T13:13:31Z 00O t20[020] ok
2026-09-29T13:13:31Z 00O t20[021] ok
2026-09-29T13:13:32Z 00O t20[022] ok
2026-09-29T13:13:32Z 00O t20[023] ok
2026-09-29T13:13:32Z 00O t20[024] ok
2026-09-29T13:13:32Z 00O t20[025] ok
2026-09-29T13:13:32Z 00O t20[026] ok
2026-09-29T13:13:33Z 00O t20[027] ok
2026-09-29T13:13:33Z 00O t20[028] ok
2026-09-29T13:13:33Z 00O t20[029] ok
2026-09-29T13:13:33Z 00O t20[030] ok
2026-09-29T13:13:33Z 00O t20[031] ok
2026-09-29T13:13:34Z 00O t20[032] ok
2026-09-29T13:13:34Z 00O t20[033] ok
2026-09-29T13:13:34Z 00O t20[034] ok
2026-09-29T13:13:34Z 00O t20[035] ok
2026-09-29T13:13:34Z 00O t20[036] ok
2026-09-29T13:13:35Z 00O t20[037] ok
2026-09-29T13:13:35Z 00O t20[038] ok
2026-09-29T13:13:35Z 00O t20[039] ok
2026-09-29T13:13:35Z 00O t20[040] ok
2026-09-29T13:13:35Z 00O t20[041] ok
2026-09-29T13:13:36Z 00O t20[042] ok
2026-09-29T13:13:36Z 00O t20[043] ok
2026-09-29T13:13:36Z 00O t20[044] ok
2026-09-29T13:13:36Z 00O t20[045] ok
2026-09-29T13:13:36Z 00O t20[046] ok
2026-09-29T13:13:37Z 00O t20[047] ok
2026-09-29T13:13:37Z 00O t20[048] ok
2026-09-29T13:13:37Z 00O t20[049] ok
2026-09-29T13:13:37Z 00O t20[050] ok
2026-09-29T13:13:37Z 00O t20[051] ok
2026-09-29T13:13:38Z 00O t20[052] ok
2026-09-29T13:13:38Z 00O t20[053] ok
2026-09-29T13:13:38Z 00O t20[054] ok
2026-09-29T13:13:38Z 00O t20[055] ok
2026-09-29T13:13:38Z 00O t20[056] ok
2026-09-29T13:13:39Z 00O t20[057] ok
2026-09-29T13:13:39Z 00O t20[058] ok
2026-09-29T13:13:39Z 00O t20[059] ok
2026-09-29T13:13:39Z 00O t20[060] ok
2026-09-29T13:13:39Z 00O t20[061] ok
2026-09-29T13:13:40Z 00O t20[062] ok
2026-09-29T13:13:40Z 00O t20[063] ok
2026-09-29T13:13:40Z 00O t20[064] ok
2026-09-29T13:13:40Z 00O t20[065] ok
2026-09-29T13:13:40Z 00O t20[066] ok
2026-09-29T13:13:41Z 00O t20[067] ok
2026-09-29T13:13:41Z 00O t20[068] ok
2026-09-29T13:13:41Z 00O t20[069] ok
2026-09-29T13:13:41Z 00O t20[070] ok
2026-09-29T13:13:41Z 00O t20[071] ok
2026-09-29T13:13:42Z 00O t20[072] ok
2026-09-29T13:13:42Z 00O t20[073] ok
2026-09-29T13:13:42Z 00O t20[074] ok
2026-09-29T13:13:42Z 00O t20[075] ok
2026-09-29T13:13:42Z 00O t20[076] ok
2026-09-29T13:13:43Z 00O t20[077] ok
2026-09-29T13:13:43Z 00O t20[078] ok
2026-09-29T13:13:43Z 00O t20[079] ok
2026-09-29T13:13:43Z 00O t20[080] ok
2026-09-29T13:13:43Z 00O t20[081] ok
2026-09-29T13:13:44Z 00O t20[082] ok
2026-09-29T13:13:44Z 00O t20[083] ok
2026-09-29T13:13:44Z 00O t20[084] ok
2026-09-29T13:13:44Z 00O t20[085] ok
2026-09-29T13:13:44Z 00O t20[086] ok
2026-09-29T13:13:45Z 00O t20[087] ok
2026-09-29T13:13:45Z 00O t20[088] ok
2026-09-29T13:13:45Z 00O t20[089] ok
2026-09-29T13:13:45Z 00O t20[090] ok
2026-09-29T13:13:45Z 00O t20[091] ok
2026-09-29T13:13:46Z 00O t20[092] ok
2026-09-29T13:13:46Z 00O t20[093] ok
2026-09-29T13:13:46Z 00O t20[094] ok
2026-09-29T13:13:46Z 00O t20[095] ok
2026-09-29T13:13:46Z 00O t20[096] ok
2026-09-29T13:13:47Z 00O t20[097] ok
2026-09-29T13:13:47Z 00O t20[098] ok
2026-09-29T13:13:47Z 00O t20[099] ok
2026-09-29T13:13:47Z 00O t20[100] ok
2026-09-29T13:13:47Z 00O t20[101] ok
2026-09-29T13:13:48Z 00O t20[102] ok
2026-09-29T13:13:48Z 00O t20[103] ok
2026-09-29T13:13:48Z 00O t20[104] ok
2026-09-29T13:13:48Z 00O t20[105] ok
2026-09-29T13:13:48Z 00O t20[106] ok
2026-09-29T13:13:49Z 00O t20[107] ok
2026-09-29T13:13:49Z 00O t20[108] ok
2026-09-29T13:13:49Z 00O t20[109] ok
2026-09-29T13:13:49Z 00O t20[110] ok
2026-09-29T13:13:49Z 00O t20[111] ok
2026-09-29T13:13:50Z 00O t20[112] ok
2026-09-29T13:13:50Z 00O t20[113] ok
2026-09-29T13:13:50Z 00O t20[114] ok
2026-09-29T13:13:50Z 00O t20[115] ok
2026-09-29T13:13:50Z 00O t20[116] ok
2026-09-29T13:13:51Z 00O t20[117] ok
2026-09-29T13:13:51Z 00O t20[118] ok
2026-09-29T13:13:51Z 00O t20[119] ok
2026-09-29T13:13:51Z 00O t20[120] ok
2026-09-29T13:13:51Z 00O t20[121] ok
2026-09-29T13:13:52Z 00O t20[122] ok
2026-09-29T13:13:52Z 00O t20[123] ok
2026-09-29T13:13:52Z 00O t20[124] ok
2026-09-29T13:13:52Z 00O t20[125] ok
2026-09-29T13:13:52Z 00O t20[126] ok
2026-09-29T13:13:53Z 00O t20[127] ok
2026-09-29T13:13:53Z 00O t20[128] ok
2026-09-29T13:13:53Z 00O t20[129] ok
2026-09-29T13:13:53Z 00O t20[130] ok
2026-09-29T13:13:53Z 00O t20[131] ok
2026-09-29T13:13:54Z 00O t20[132] ok
2026-09-29T13:13:54Z 00O t20[133] ok
2026-09-29T13:13:54Z 00O t20[134] ok
2026-09-29T13:13:54Z 00O t20[135] ok
2026-09-29T13:13:54Z 00O t20[136] ok
2026-09-29T13:13:55Z 00O t20[137] ok
2026-09-29T13:13:55Z 00O t20[138] ok
2026-09-29T13:13:55Z 00O t20[139] ok
2026-09-29T13:13:55Z 00O t20[140] ok
2026-09-29T13:13:55Z 00O t20[141] ok
2026-09-29T13:13:56Z 00O t20[142] ok
2026-09-29T13:13:56Z 00O t20[143] ok
2026-09-29T13:13:56Z 00O t20[144] ok
2026-09-29T13:13:56Z 00O t20[145] ok
2026-09-29T13:13:56Z 00O t20[146] ok
2026-09-29T13:13:57Z 00O t20[147] ok
2026-09-29T13:13:57Z 00O t20[148] ok
2026-09-29T13:13:57Z 00O t20[149] ok
2026-09-29T13:13:57Z 00O t20[150] ok
2026-09-29T13:13:57Z 00O t20[151] ok
2026-09-29T13:13:58Z 00O t20[152] ok
2026-09-29T13:13:58Z 00O t20[153] ok
2026-09-29T13:13:58Z 00O t20[154] ok
2026-09-29T13:13:58Z 00O t20[155] ok
2026-09-29T13:13:58Z 00O t20[156] ok
2026-09-29T13:13:59Z 00O t20[157] ok
2026-09-29T13:13:59Z 00O t20[158] ok
2026-09-29T13:13:59Z 00O t20[159] ok
2026-09-29T13:13:59Z 00O t20[160] ok
2026-09-29T13:13:59Z 00O t20[161] ok
2026-09-29T13:14:00Z 00O t20[162] ok
2026-09-29T13:14:00Z 00O t20[163] ok
2026-09-29T13:14:00Z 00O t20[164] ok
2026-09-29T13:14:00Z 00O t20[165] ok
2026-09-29T13:14:00Z 00O t20[166] ok
2026-09-29T13:14:01Z 00O t20[167] ok
2026-09-29T13:14:01Z 00O t20[168] ok
2026-09-29T13:14:01Z 00O t20[169] ok
2026-09-29T13:14:01Z 00O t20[170] ok
2026-09-29T13:14:01Z 00O t20[171] ok
2026-09-29T13:14:02Z 00O t20[172] ok
2026-09-29T13:14:02Z 00O t20[173] ok
2026-09-29T13:14:02Z 00O t20[174] ok
2026-09-29T13:14:02Z 00O t20[175] ok
2026-09-29T13:14:02Z 00O t20[176] ok
2026-09-29T13:14:03Z 00O t20[177] ok
2026-09-29T13:14:03Z 00O t20[178] ok
2026-09-29T13:14:03Z 00O t20[179] ok
2026-09-29T13:14:03Z 00O t20[180] ok
2026-09-29T13:14:03Z 00O t20[181] ok
2026-09-29T13:14:04Z 00O t20[182] ok
2026-09-29T13:14:04Z 00O t20[183] ok
2026-09-29T13:14:04Z 00O t20[184] ok
2026-09-29T13:14:04Z 00O t20[185] ok
2026-09-29T13:14:04Z 00O t20[186] ok
2026-09-29T13:14:05Z 00O t20[187] ok
2026-09-29T13:14:05Z 00O t20[188] ok
2026-09-29T13:14:05Z 00O t20[189] ok
2026-09-29T13:14:05Z 00O t20[190] ok
2026-09-29T13:14:05Z 00O t20[191] ok
2026-09-29T13:14:06Z 00O t20[192] ok
2026-09-29T13:14:06Z 00O t20[193] ok
2026-09-29T13:14:06Z 00O t20[194] ok
2026-09-29T13:14:06Z 00O t20[195] ok
2026-09-29T13:14:06Z 00O t20[196] ok
2026-09-29T13:14:07Z 00O t20[197] ok
2026-09-29T13:14:07Z 00O t20[198] ok
2026-09-29T13:14:07Z 00O t20[199] ok
2026-09-29T13:14:07Z 00O t21[000] ok
2026-09-29T13:14:07Z 00O t21[001] ok
2026-09-29T13:14:08Z 00O t21[002] ok
2026-09-29T13:14:08Z 00O t21[003] ok
2026-09-29T13:14:08Z 00O t21[004] ok
2026-09-29T13:14:08Z 00O t21[005] ok
2026-09-29T13:14:08Z 00O t21[006] ok
2026-09-29T13:14:09Z 00O t21[007] ok
2026-09-29T13:14:09Z 00O t21[008] ok
2026-09-29T13:14:09Z 00O t21[009] ok
2026-09-29T13:14:09Z 00O t21[010] ok
2026-09-29T13:14:09Z 00O t21[011] ok
2026-09-29T13:14:10Z 00O t21[012] ok
2026-09-29T13:14:10Z 00O t21[013] ok
2026-09-29T13:14:10Z 00O t21[014] ok
2026-09-29T13:14:10Z 00O t21[015] ok
2026-09-29T13:14:10Z 00O t21[016] ok
2026-09-29T13:14:11Z 00O t21[017] ok
2026-09-29T13:14:11Z 00O t21[018] ok
2026-09-29T13:14:11Z 00O t21[019] ok
2026-09-29T13:14:11Z 00O t21[020] ok
2026-09-29T13:14:11Z 00O t21[021] ok
2026-09-29T13:14:12Z 00O t21[022] ok
2026-09-29T13:14:12Z 00O t21[023] ok
2026-09-29T13:14:12Z 00O t21[024] ok
2026-09-29T13:14:12Z 00O t21[025] ok
2026-09-29T13:14:12Z 00O t21[026] ok
2026-09-29T13:14:13Z 00O t21[027] ok
2026-09-29T13:14:13Z 00O t21[028] ok
2026-09-29T13:14:13Z 00O t21[029] ok
2026-09-29T13:14:13Z 00O t21[030] ok
2026-09-29T13:14:13Z 00O t21[031] ok
2026-09-29T13:14:14Z 00O t21[032] ok
2026-09-29T13:14:14Z 00O t21[033] ok
2026-09-29T13:14:14Z 00O t21[034] ok
2026-09-29T13:14:14Z 00O t21[035] ok
2026-09-29T13:14:14Z 00O t21[036] ok
2026-09-29T13:14:15Z 00O t21[037] ok
2026-09-29T13:14:15Z 00O t21[038] ok
2026-09-29T13:14:15Z 00O t21[039] ok
2026-09-29T13:14:15Z 00O t21[040] ok
2026-09-29T13:14:15Z 00O t21[041] ok
2026-09-29T13:14:16Z 00O t21[042] ok
2026-09-29T13:14:16Z 00O t21[043] ok
2026-09-29T13:14:16Z 00O t21[044] ok
2026-09-29T13:14:16Z 00O t21[045] ok
2026-09-29T13:14:16Z 00O t21[046] ok
2026-09-29T13:14:17Z 00O t21[047] ok
2026-09-29T13:14:17Z 00O t21[048] ok
2026-09-29T13:14:17Z 00O t21[049] ok
2026-09-29T13:14:17Z 00O t21[050] ok
2026-09-29T13:14:17Z 00O t21[051] ok
2026-09-29T13:14:18Z 00O t21[052] ok
2026-09-29T13:14:18Z 00O t21[053] ok
2026-09-29T13:14:18Z 00O t21[054] ok
2026-09-29T13:14:18Z 00O t21[055] ok
2026-09-29T13:14:18Z 00O t21[056] ok
2026-09-29T13:14:19Z 00O t21[057] ok
2026-09-29T13:14:19Z 00O t21[058] ok
2026-09-29T13:14:19Z 00O t21[059] ok
2026-09-29T13:14:19Z 00O t21[060] ok
2026-09-29T13:14:19Z 00O t21[061] ok
2026-09-29T13:14:20Z 00O t21[062] ok
2026-09-29T13:14:20Z 00O t21[063] ok
2026-09-29T13:14:20Z 00O t21[064] ok
2026-09-29T13:14:20Z 00O t21[065] ok
2026-09-29T13:14:20Z 00O t21[066] ok
2026-09-29T13:14:21Z 00O t21[067] ok
2026-09-29T13:14:21Z 00O t21[068] ok
2026-09-29T13:14:21Z 00O t21[069] ok
2026-09-29T13:14:21Z 00O t21[070] ok
2026-09-29T13:14:21Z 00O t21[071] ok
2026-09-29T13:14:22Z 00O t21[072] ok
2026-09-29T13:14:22Z 00O t21[073] ok
2026-09-29T13:14:22Z 00O t21[074] ok
2026-09-29T13:14:22Z 00O t21[075] ok
2026-09-29T13:14:22Z 00O t21[076] ok
2026-09-29T13:14:23Z 00O t21[077] ok
2026-09-29T13:14:23Z 00O t21[078] ok
2026-09-29T13:14:23Z 00O t21[079] ok
2026-09-29T13:14:23Z 00O t21[080] ok
2026-09-29T13:14:23Z 00O t21[081] ok
2026-09-29T13:14:24Z 00O t21[082] ok
2026-09-29T13:14:24Z 00O t21[083] ok
2026-09-29T13:14:24Z 00O t21[084] ok
2026-09-29T13:14:24Z 00O t21[085] ok
2026-09-29T13:14:24Z 00O t21[086] ok
2026-09-29T13:14:25Z 00O t21[087] ok
2026-09-29T13:14:25Z 00O t21[088] ok
2026-09-29T13:14:25Z 00O t21[089] ok
2026-09-29T13:14:25Z 00O t21[090] ok
2026-09-29T13:14:25Z 00O t21[091] ok
2026-09-29T13:14:26Z 00O t21[092] ok
2026-09-29T13:14:26Z 00O t21[093] ok
2026-09-29T13:14:26Z 00O t21[094] ok
2026-09-29T13:14:26Z 00O t21[095] ok
2026-09-29T13:14:26Z 00O t21[096] ok
2026-09-29T13:14:27Z 00O t21[097] ok
2026-09-29T13:14:27Z 00O t21[098] ok
2026-09-29T13:14:27Z 00O t21[099] ok
2026-09-29T13:14:27Z 00O t21[100] ok
2026-09-29T13:14:27Z 00O t21[101] ok
2026-09-29T13:14:28Z 00O t21[102] ok
2026-09-29T13:14:28Z 00O t21[103] ok
2026-09-29T13:14:28Z 00O t21[104] ok
2026-09-29T13:14:28Z 00O t21[105] ok
2026-09-29T13:14:28Z 00O t21[106] ok
2026-09-29T13:14:29Z 00O t21[107] ok
2026-09-29T13:14:29Z 00O t21[108] ok
2026-09-29T13:14:29Z 00O t21[109] ok
2026-09-29T13:14:29Z 00O t21[110] ok
2026-09-29T13:14:29Z 00O t21[111] ok
2026-09-29T13:14:30Z 00O t21[112] ok
2026-09-29T13:14:30Z 00O t21[113] ok
2026-09-29T13:14:30Z 00O t21[114] ok
2026-09-29T13:14:30Z 00O t21[115] ok
2026-09-29T13:14:30Z 00O t21[116] ok
2026-09-29T13:14:31Z 00O t21[117] ok
2026-09-29T13:14:31Z 00O t21[118] ok
2026-09-29T13:14:31Z 00O t21[119] ok
2026-09-29T13:14:31Z 00O t21[120] ok
2026-09-29T13:14:31Z 00O t21[121] ok
2026-09-29T13:14:32Z 00O t21[122] ok
2026-09-29T13:14:32Z 00O t21[123] ok
2026-09-29T13:14:32Z 00O t21[124] ok
2026-09-29T13:14:32Z 00O t21[125] ok
2026-09-29T13:14:32Z 00O t21[126] ok
2026-09-29T13:14:33Z 00O t21[127] ok
2026-09-29T13:14:33Z 00O t21[128] ok
2026-09-29T13:14:33Z 00O t21[129] ok
2026-09-29T13:14:33Z 00O t21[130] ok
2026-09-29T13:14:33Z 00O t21[131] ok
2026-09-29T13:14:34Z 00O t21[132] ok
2026-09-29T13:14:34Z 00O t21[133] ok
2026-09-29T13:14:34Z 00O t21[134] ok
2026-09-29T13:14:34Z 00O t21[135] ok
2026-09-29T13:14:34Z 00O t21[136] ok
2026-09-29T13:14:35Z 00O t21[137] ok
2026-09-29T13:14:35Z 00O t21[138] ok
2026-09-29T13:14:35Z 00O t21[139] ok
2026-09-29T13:14:35Z 00O t21[140] ok
2026-09-29T13:14:35Z 00O t21[141] ok
2026-09-29T13:14:36Z 00O t21[142] ok
2026-09-29T13:14:36Z 00O t21[143] ok
2026-09-29T13:14:36Z 00O t21[144] ok
2026-09-29T13:14:36Z 00O t21[145] ok
2026-09-29T13:14:36Z 00O t21[146] ok
2026-09-29T13:14:37Z 00O t21[147] ok
2026-09-29T13:14:37Z 00O t21[148] ok
2026-09-29T13:14:37Z 00O t21[149] ok
2026-09-29T13:14:37Z 00O t21[150] ok
2026-09-29T13:14:37Z 00O t21[151] ok
2026-09-29T13:14:38Z 00O t21[152] ok
2026-09-29T13:14:38Z 00O t21[153] ok
2026-09-29T13:14:38Z 00O t21[154] ok
2026-09-29T13:14:38Z 00O t21[155] ok
2026-09-29T13:14:38Z 00O t21[156] ok
2026-09-29T13:14:39Z 00O t21[157] ok
2026-09-29T13:14:39Z 00O t21[158] ok
2026-09-29T13:14:39Z 00O t21[159] ok
2026-09-29T13:14:39Z 00O t21[160] ok
2026-09-29T13:14:39Z 00O t21[161] ok
2026-09-29T13:14:40Z 00O t21[162] ok
2026-09-29T13:14:40Z 00O t21[163] ok
2026-09-29T13:14:40Z 00O t21[164] ok
2026-09-29T13:14:40Z 00O t21[165] ok
2026-09-29T13:14:40Z 00O t21[166] ok
2026-09-29T13:14:41Z 00O t21[167] ok
2026-09-29T13:14:41Z 00O t21[168] ok
2026-09-29T13:14:41Z 00O t21[169] ok
2026-09-29T13:14:41Z 00O t21[170] ok
2026-09-29T13:14:41Z 00O t21[171] ok
2026-09-29T13:14:42Z 00O t21[172] ok
2026-09-29T13:14:42Z 00O t21[173] ok
2026-09-29T13:14:42Z 00O t21[174] ok
2026-09-29T13:14:42Z 00O t21[175] ok
2026-09-29T13:14:42Z 00O t21[176] ok
2026-09-29T13:14:43Z 00O t21[177] ok
2026-09-29T13:14:43Z 00O t21[178] ok
2026-09-29T13:14:43Z 00O t21[179] ok
2026-09-29T13:14:43Z 00O t21[180] ok
2026-09-29T13:14:43Z 00O t21[181] ok
2026-09-29T13:14:44Z 00O t21[182] ok
2026-09-29T13:14:44Z 00O t21[183] ok
2026-09-29T13:14:44Z 00O t21[184] ok
2026-09-29T13:14:44Z 00O t21[185] ok
2026-09-29T13:14:44Z 00O t21[186] ok
2026-09-29T13:14:45Z 00O t21[187] ok
2026-09-29T13:14:45Z 00O t21[188] ok
2026-09-29T13:14:45Z 00O t21[189] ok
2026-09-29T13:14:45Z 00O t21[190] ok
2026-09-29T13:14:45Z 00O t21[191] ok
2026-09-29T13:14:46Z 00O t21[192] ok
2026-09-29T13:14:46Z 00O t21[193] ok
2026-09-29T13:14:46Z 00O t21[194] ok
2026-09-29T13:14:46Z 00O t21[195] ok
2026-09-29T13:14:46Z 00O t21[196] ok
2026-09-29T13:14:47Z 00O t21[197] ok
2026-09-29T13:14:47Z 00O t21[198] ok
2026-09-29T13:14:47Z 00O t21[199] ok
2026-09-29T13:14:47Z 00O t22[000] ok
2026-09-29T13:14:47Z 00O t22[001] ok
2026-09-29T13:14:48Z 00O t22[002] ok
2026-09-29T13:14:48Z 00O t22[003] ok
2026-09-29T13:14:48Z 00O t22[004] ok
2026-09-29T13:14:48Z 00O t22[005] ok
2026-09-29T13:14:48Z 00O t22[006] ok
2026-09-29T13:14:49Z 00O t22[007] ok
2026-09-29T13:14:49Z 00O t22[008] ok
2026-09-29T13:14:49Z 00O t22[009] ok
2026-09-29T13:14:49Z 00O t22[010] ok
2026-09-29T13:14:49Z 00O t22[011] ok
2026-09-29T13:14:50Z 00O t22[012] ok
2026-09-29T13:14:50Z 00O t22[013] ok
2026-09-29T13:14:50Z 00O t22[014] ok
2026-09-29T13:14:50Z 00O t22[015] ok
2026-09-29T13:14:50Z 00O t22[016] ok
2026-09-29T13:14:51Z 00O t22[017] ok
2026-09-29T13:14:51Z 00O t22[018] ok
2026-09-29T13:14:51Z 00O t22[019] ok
2026-09-29T13:14:51Z 00O t22[020] ok
2026-09-29T13:14:51Z 00O t22[021] ok
2026-09-29T13:14:52Z 00O t22[022] ok
2026-09-29T13:14:52Z 00O t22[023] ok
2026-09-29T13:14:52Z 00O t22[024] ok
2026-09-29T13:14:52Z 00O t22[025] ok
2026-09-29T13:14:52Z 00O t22[026] ok
2026-09-29T13:14:53Z 00O t22[027] ok
2026-09-29T13:14:53Z 00O t22[028] ok
2026-09-29T13:14:53Z 00O t22[029] ok
2026-09-29T13:14:53Z 00O t22[030] ok
2026-09-29T13:14:53Z 00O t22[031] ok
2026-09-29T13:14:54Z 00O t22[032] ok
2026-09-29T13:14:54Z 00O t22[033] ok
2026-09-29T13:14:54Z 00O t22[034] ok
2026-09-29T13:14:54Z 00O t22[035] ok
2026-09-29T13:14:54Z 00O t22[036] ok
2026-09-29T13:14:55Z 00O t22[037] ok
2026-09-29T13:14:55Z 00O t22[038] ok
2026-09-29T13:14:55Z 00O t22[039] ok
2026-09-29T13:14:55Z 00O t22[040] ok
2026-09-29T13:14:55Z 00O t22[041] ok
2026-09-29T13:14:56Z 00O t22[042] ok
2026-09-29T13:14:56Z 00O t22[043] ok
2026-09-29T13:14:56Z 00O t22[044] ok
2026-09-29T13:14:56Z 00O t22[045] ok
2026-09-29T13:14:56Z 00O t22[046] ok
2026-09-29T13:14:57Z 00O t22[047] ok
2026-09-29T13:14:57Z 00O t22[048] ok
2026-09-29T13:14:57Z 00O t22[049] ok
2026-09-29T13:14:57Z 00O t22[050] ok
2026-09-29T13:14:57Z 00O t22[051] ok
2026-09-29T13:14:58Z 00O t22[052] ok
2026-09-29T13:14:58Z 00O t22[053] ok
2026-09-29T13:14:58Z 00O t22[054] ok
2026-09-29T13:14:58Z 00O t22[055] ok
2026-09-29T13:14:58Z 00O t22[056] ok
2026-09-29T13:14:59Z 00O t22[057] ok
2026-09-29T13:14:59Z 00O t22[058] ok
2026-09-29T13:14:59Z 00O t22[059] ok
2026-09-29T13:14:59Z 00O t22[060] ok
2026-09-29T13:14:59Z 00O t22[061] ok
2026-09-29T13:15:00Z 00O t22[062] ok
2026-09-29T13:15:00Z 00O t22[063] ok
2026-09-29T13:15:00Z 00O t22[064] ok
2026-09-29T13:15:00Z 00O t22[065] ok
2026-09-29T13:15:00Z 00O t22[066] ok
2026-09-29T13:15:01Z 00O t22[067] ok
2026-09-29T13:15:01Z 00O t22[068] ok
2026-09-29T13:15:01Z 00O t22[069] ok
2026-09-29T13:15:01Z 00O t22[070] ok
2026-09-29T13:15:01Z 00O t22[071] ok
2026-09-29T13:15:02Z 00O t22[072] ok
2026-09-29T13:15:02Z 00O t22[073] ok
2026-09-29T13:15:02Z 00O t22[074] ok
2026-09-29T13:15:02Z 00O t22[075] ok
2026-09-29T13:15:02Z 00O t22[076] ok
2026-09-29T13:15:03Z 00O t22[077] ok
2026-09-29T13:15:03Z 00O t22[078] ok
2026-09-29T13:15:03Z 00O t22[079] ok
2026-09-29T13:15:03Z 00O t22[080] ok
2026-09-29T13:15:03Z 00O t22[081] ok
2026-09-29T13:15:04Z 00O t22[082] ok
2026-09-29T13:15:04Z 00O t22[083] ok
2026-09-29T13:15:04Z 00O t22[084] ok
2026-09-29T13:15:04Z 00O t22[085] ok
2026-09-29T13:15:04Z 00O t22[086] ok
2026-09-29T13:15:05Z 00O t22[087] ok
2026-09-29T13:15:05Z 00O t22[088] ok
2026-09-29T13:15:05Z 00O t22[089] ok
2026-09-29T13:15:05Z 00O t22[090] ok
2026-09-29T13:15:05Z 00O t22[091] ok
2026-09-29T13:15:06Z 00O t22[092] ok
2026-09-29T13:15:06Z 00O t22[093] ok
2026-09-29T13:15:06Z 00O t22[094] ok
2026-09-29T13:15:06Z 00O t22[095] ok
2026-09-29T13:15:06Z 00O t22[096] ok
2026-09-29T13:15:07Z 00O t22[097] ok
2026-09-29T13:15:07Z 00O t22[098] ok
2026-09-29T13:15:07Z 00O t22[099] ok
2026-09-29T13:15:07Z 00O t22[100] ok
2026-09-29T13:15:07Z 00O t22[101] ok
2026-09-29T13:15:08Z 00O t22[102] ok
2026-09-29T13:15:08Z 00O t22[103] ok
2026-09-29T13:15:08Z 00O t22[104] ok
2026-09-29T13:15:08Z 00O t22[105] ok
2026-09-29T13:15:08Z 00O t22[106] ok
2026-09-29T13:15:09Z 00O t22[107] ok
2026-09-29T13:15:09Z 00O t22[108] ok
2026-09-29T13:15:09Z 00O t22[109] ok
2026-09-29T13:15:09Z 00O t22[110] ok
2026-09-29T13:15:09Z 00O t22[111] ok
2026-09-29T13:15:10Z 00O t22[112] ok
2026-09-29T13:15:10Z 00O t22[113] ok
2026-09-29T13:15:10Z 00O t22[114] ok
2026-09-29T13:15:10Z 00O t22[115] ok
2026-09-29T13:15:10Z 00O t22[116] ok
2026-09-29T13:15:11Z 00O t22[117] ok
2026-09-29T13:15:11Z 00O t22[118] ok
2026-09-29T13:15:11Z 00O t22[119] ok
2026-09-29T13:15:11Z 00O t22[120] ok
2026-09-29T13:15:11Z 00O t22[121] ok
2026-09-29T13:15:12Z 00O t22[122] ok
2026-09-29T13:15:12Z 00O t22[123] ok
2026-09-29T13:15:12Z 00O t22[124] ok
2026-09-29T13:15:12Z 00O t22[125] ok
2026-09-29T13:15:12Z 00O t22[126] ok
2026-09-29T13:15:13Z 00O t22[127] ok
2026-09-29T13:15:13Z 00O t22[128] ok
2026-09-29T13:15:13Z 00O t22[129] ok
2026-09-29T13:15:13Z 00O t22[130] ok
2026-09-29T13:15:13Z 00O t22[131] ok
2026-09-29T13:15:14Z 00O t22[132] ok
2026-09-29T13:15:14Z 00O t22[133] ok
2026-09-29T13:15:14Z 00O t22[134] ok
2026-09-29T13:15:14Z 00O t22[135] ok
2026-09-29T13:15:14Z 00O t22[136] ok
2026-09-29T13:15:15Z 00O t22[137] ok
2026-09-29T13:15:15Z 00O t22[138] ok
2026-09-29T13:15:15Z 00O t22[139] ok
2026-09-29T13:15:15Z 00O t22[140] ok
2026-09-29T13:15:15Z 00O t22[141] ok
2026-09-29T13:15:16Z 00O t22[142] ok
2026-09-29T13:15:16Z 00O t22[143] ok
2026-09-29T13:15:16Z 00O t22[144] ok
2026-09-29T13:15:16Z 00O t22[145] ok
2026-09-29T13:15:16Z 00O t22[146] ok
2026-09-29T13:15:17Z 00O t22[147] ok
2026-09-29T13:15:17Z 00O t22[148] ok
2026-09-29T13:15:17Z 00O t22[149] ok
2026-09-29T13:15:17Z 00O t22[150] ok
2026-09-29T13:15:17Z 00O t22[151] ok
2026-09-29T13:15:18Z 00O t22[152] ok
2026-09-29T13:15:18Z 00O t22[153] ok
2026-09-29T13:15:18Z 00O t22[154] ok
2026-09-29T13:15:18Z 00O t22[155] ok
2026-09-29T13:15:18Z 00O t22[156] ok
2026-09-29T13:15:19Z 00O t22[157] ok
2026-09-29T13:15:19Z 00O t22[158] ok
2026-09-29T13:15:19Z 00O t22[159] ok
2026-09-29T13:15:19Z 00O t22[160] ok
2026-09-29T13:15:19Z 00O t22[161] ok
2026-09-29T13:15:20Z 00O t22[162] ok
2026-09-29T13:15:20Z 00O t22[163] ok
2026-09-29T13:15:20Z 00O t22[164] ok
2026-09-29T13:15:20Z 00O t22[165] ok
2026-09-29T13:15:20Z 00O t22[166] ok
2026-09-29T13:15:21Z 00O t22[167] ok
2026-09-29T13:15:21Z 00O t22[168] ok
2026-09-29T13:15:21Z 00O t22[169] ok
2026-09-29T13:15:21Z 00O t22[170] ok
2026-09-29T13:15:21Z 00O t22[171] ok
2026-09-29T13:15:22Z 00O t22[172] ok
2026-09-29T13:15:22Z 00O t22[173] ok
2026-09-29T13:15:22Z 00O t22[174] ok
2026-09-29T13:15:22Z 00O t22[175] ok
2026-09-29T13:15:22Z 00O t22[176] ok
2026-09-29T13:15:23Z 00O t22[177] ok
2026-09-29T13:15:23Z 00O t22[178] ok
2026-09-29T13:15:23Z 00O t22[179] ok
2026-09-29T13:15:23Z 00O t22[180] ok
2026-09-29T13:15:23Z 00O t22[181] ok
2026-09-29T13:15:24Z 00O t22[182] ok
2026-09-29T13:15:24Z 00O t22[183] ok
2026-09-29T13:15:24Z 00O t22[184] ok
2026-09-29T13:15:24Z 00O t22[185] ok
2026-09-29T13:15:24Z 00O t22[186] ok
2026-09-29T13:15:25Z 00O t22[187] ok
2026-09-29T13:15:25Z 00O t22[188] ok
2026-09-29T13:15:25Z 00O t22[189] ok
2026-09-29T13:15:25Z 00O t22[190] ok
2026-09-29T13:15:25Z 00O t22[191] ok
2026-09-29T13:15:26Z 00O t22[192] ok
2026-09-29T13:15:26Z 00O t22[193] ok
2026-09-29T13:15:26Z 00O t22[194] ok
2026-09-29T13:15:26Z 00O t22[195] ok
2026-09-29T13:15:26Z 00O t22[196] ok
2026-09-29T13:15:27Z 00O t22[197] ok
2026-09-29T13:15:27Z 00O t22[198] ok
2026-09-29T13:15:27Z 00O t22[199] ok
2026-09-29T13:15:27Z 00O t23[000] ok
2026-09-29T13:15:27Z 00O t23[001] ok
2026-09-29T13:15:28Z 00O t23[002] ok
2026-09-29T13:15:28Z 00O t23[003] ok
2026-09-29T13:15:28Z 00O t23[004] ok
2026-09-29T13:15:28Z 00O t23[005] ok
2026-09-29T13:15:28Z 00O t23[006] ok
2026-09-29T13:15:29Z 00O t23[007] ok
2026-09-29T13:15:29Z 00O t23[008] ok
2026-09-29T13:15:29Z 00O t23[009] ok
2026-09-29T13:15:29Z 00O t23[010] ok
2026-09-29T13:15:29Z 00O t23[011] ok
2026-09-29T13:15:30Z 00O t23[012] ok
2026-09-29T13:15:30Z 00O t23[013] ok
2026-09-29T13:15:30Z 00O t23[014] ok
2026-09-29T13:15:30Z 00O t23[015] ok
2026-09-29T13:15:30Z 00O t23[016] ok
2026-09-29T13:15:31Z 00O t23[017] ok
2026-09-29T13:15:31Z 00O t23[018] ok
2026-09-29T13:15:31Z 00O t23[019] ok
2026-09-29T13:15:31Z 00O t23[020] ok
2026-09-29T13:15:31Z 00O t23[021] ok
2026-09-29T13:15:32Z 00O t23[022] ok
2026-09-29T13:15:32Z 00O t23[023] ok
2026-09-29T13:15:32Z 00O t23[024] ok
2026-09-29T13:15:32Z 00O t23[025] ok
2026-09-29T13:15:32Z 00O t23[026] ok
2026-09-29T13:15:33Z 00O t23[027] ok
2026-09-29T13:15:33Z 00O t23[028] ok
2026-09-29T13:15:33Z 00O t23[029] ok
2026-09-29T13:15:33Z 00O t23[030] ok
2026-09-29T13:15:33Z 00O t23[031] ok
2026-09-29T13:15:34Z 00O t23[032] ok
2026-09-29T13:15:34Z 00O t23[033] ok
2026-09-29T13:15:34Z 00O t23[034] ok
2026-09-29T13:15:34Z 00O t23[035] ok
2026-09-29T13:15:34Z 00O t23[036] ok
2026-09-29T13:15:35Z 00O t23[037] ok
2026-09-29T13:15:35Z 00O t23[038] ok
2026-09-29T13:15:35Z 00O t23[039] ok
2026-09-29T13:15:35Z 00O t23[040] ok
2026-09-29T13:15:35Z 00O t23[041] ok
2026-09-29T13:15:36Z 00O t23[042] ok
2026-09-29T13:15:36Z 00O t23[043] ok
2026-09-29T13:15:36Z 00O t23[044] ok
2026-09-29T13:15:36Z 00O t23[045] ok
2026-09-29T13:15:36Z 00O t23[046] ok
2026-09-29T13:15:37Z 00O t23[047] ok
2026-09-29T13:15:37Z 00O t23[048] ok
2026-09-29T13:15:37Z 00O t23[049] ok
2026-09-29T13:15:37Z 00O t23[050] ok
2026-09-29T13:15:37Z 00O t23[051] ok
2026-09-29T13:15:38Z 00O t23[052] ok
2026-09-29T13:15:38Z 00O t23[053] ok
2026-09-29T13:15:38Z 00O t23[054] ok
2026-09-29T13:15:38Z 00O t23[055] ok
2026-09-29T13:15:38Z 00O t23[056] ok
2026-09-29T13:15:39Z 00O t23[057] ok
2026-09-29T13:15:39Z 00O t23[058] ok
2026-09-29T13:15:39Z 00O t23[059] ok
2026-09-29T13:15:39Z 00O t23[060] ok
2026-09-29T13:15:39Z 00O t23[061] ok
2026-09-29T13:15:40Z 00O t23[062] ok
2026-09-29T13:15:40Z 00O t23[063] ok
2026-09-29T13:15:40Z 00O t23[064] ok
2026-09-29T13:15:40Z 00O t23[065] ok
2026-09-29T13:15:40Z 00O t23[066] ok
2026-09-29T13:15:41Z 00O t23[067] ok
2026-09-29T13:15:41Z 00O t23[068] ok
2026-09-29T13:15:41Z 00O t23[069] ok
2026-09-29T13:15:41Z 00O t23[070] ok
2026-09-29T13:15:41Z 00O t23[071] ok
2026-09-29T13:15:42Z 00O t23[072] ok
2026-09-29T13:15:42Z 00O t23[073] ok
2026-09-29T13:15:42Z 00O t23[074] ok
2026-09-29T13:15:42Z 00O t23[075] ok
2026-09-29T13:15:42Z 00O t23[076] ok
2026-09-29T13:15:43Z 00O t23[077] ok
2026-09-29T13:15:43Z 00O t23[078] ok
2026-09-29T13:15:43Z 00O t23[079] ok
2026-09-29T13:15:43Z 00O t23[080] ok
2026-09-29T13:15:43Z 00O t23[081] ok
2026-09-29T13:15:44Z 00O t23[082] ok
2026-09-29T13:15:44Z 00O t23[083] ok
2026-09-29T13:15:44Z 00O t23[084] ok
2026-09-29T13:15:44Z 00O t23[085] ok
2026-09-29T13:15:44Z 00O t23[086] ok
2026-09-29T13:15:45Z 00O t23[087] ok
2026-09-29T13:15:45Z 00O t23[088] ok
2026-09-29T13:15:45Z 00O t23[089] ok
2026-09-29T13:15:45Z 00O t23[090] ok
2026-09-29T13:15:45Z 00O t23[091] ok
2026-09-29T13:15:46Z 00O t23[092] ok
2026-09-29T13:15:46Z 00O t23[093] ok
2026-09-29T13:15:46Z 00O t23[094] ok
2026-09-29T13:15:46Z 00O t23[095] ok
2026-09-29T13:15:46Z 00O t23[096] ok
2026-09-29T13:15:47Z 00O t23[097] ok
2026-09-29T13:15:47Z 00O t23[098] ok
2026-09-29T13:15:47Z 00O t23[099] ok
2026-09-29T13:15:47Z 00O t23[100] ok
2026-09-29T13:15:47Z 00O t23[101] ok
2026-09-29T13:15:48Z 00O t23[102] ok
2026-09-29T13:15:48Z 00O t23[103] ok
2026-09-29T13:15:48Z 00O t23[104] ok
2026-09-29T13:15:48Z 00O t23[105] ok
2026-09-29T13:15:48Z 00O t23[106] ok
2026-09-29T13:15:49Z 00O t23[107] ok
2026-09-29T13:15:49Z 00O t23[108] ok
2026-09-29T13:15:49Z 00O t23[109] ok
2026-09-29T13:15:49Z 00O t23[110] ok
2026-09-29T13:15:49Z 00O t23[111] ok
2026-09-29T13:15:50Z 00O t23[112] ok
2026-09-29T13:15:50Z 00O t23[113] ok
2026-09-29T13:15:50Z 00O t23[114] ok
2026-09-29T13:15:50Z 00O t23[115] ok
2026-09-29T13:15:50Z 00O t23[116] ok
2026-09-29T13:15:51Z 00O t23[117] ok
2026-09-29T13:15:51Z 00O t23[118] ok
2026-09-29T13:15:51Z 00O t23[119] ok
2026-09-29T13:15:51Z 00O t23[120] ok
2026-09-29T13:15:51Z 00O t23[121] ok
2026-09-29T13:15:52Z 00O t23[122] ok
2026-09-29T13:15:52Z 00O t23[123] ok
2026-09-29T13:15:52Z 00O t23[124] ok
2026-09-29T13:15:52Z 00O t23[125] ok
2026-09-29T13:15:52Z 00O t23[126] ok
2026-09-29T13:15:53Z 00O t23[127] ok
2026-09-29T13:15:53Z 00O t23[128] ok
2026-09-29T13:15:53Z 00O t23[129] ok
2026-09-29T13:15:53Z 00O t23[130] ok
2026-09-29T13:15:53Z 00O t23[131] ok
2026-09-29T13:15:54Z 00O t23[132] ok
2026-09-29T13:15:54Z 00O t23[133] ok
2026-09-29T13:15:54Z 00O t23[134] ok
2026-09-29T13:15:54Z 00O t23[135] ok
2026-09-29T13:15:54Z 00O t23[136] ok
2026-09-29T13:15:55Z 00O t23[137] ok
2026-09-29T13:15:55Z 00O t23[138] ok
2026-09-29T13:15:55Z 00O t23[139] ok
2026-09-29T13:15:55Z 00O t23[140] ok
2026-09-29T13:15:55Z 00O t23[141] ok
2026-09-29T13:15:56Z 00O t23[142] ok
2026-09-29T13:15:56Z 00O t23[143] ok
2026-09-29T13:15:56Z 00O t23[144] ok
2026-09-29T13:15:56Z 00O t23[145] ok
2026-09-29T13:15:56Z 00O t23[146] ok
2026-09-29T13:15:57Z 00O t23[147] ok
2026-09-29T13:15:57Z 00O t23[148] ok
2026-09-29T13:15:57Z 00O t23[149] ok
2026-09-29T13:15:57Z 00O t23[150] ok
2026-09-29T13:15:57Z 00O t23[151] ok
2026-09-29T13:15:58Z 00O t23[152] ok
2026-09-29T13:15:58Z 00O t23[153] ok
2026-09-29T13:15:58Z 00O t23[154] ok
2026-09-29T13:15:58Z 00O t23[155] ok
2026-09-29T13:15:58Z 00O t23[156] ok
2026-09-29T13:15:59Z 00O t23[157] ok
2026-09-29T13:15:59Z 00O t23[158] ok
2026-09-29T13:15:59Z 00O t23[159] ok
2026-09-29T13:15:59Z 00O t23[160] ok
2026-09-29T13:15:59Z 00O t23[161] ok
2026-09-29T13:16:00Z 00O t23[162] ok
2026-09-29T13:16:00Z 00O t23[163] ok
2026-09-29T13:16:00Z 00O t23[164] ok
2026-09-29T13:16:00Z 00O t23[165] ok
2026-09-29T13:16:00Z 00O t23[166] ok
2026-09-29T13:16:01Z 00O t23[167] ok
2026-09-29T13:16:01Z 00O t23[168] ok
2026-09-29T13:16:01Z 00O t23[169] ok
2026-09-29T13:16:01Z 00O t23[170] ok
2026-09-29T13:16:01Z 00O t23[171] ok
2026-09-29T13:16:02Z 00O t23[172] ok
2026-09-29T13:16:02Z 00O t23[173] ok
2026-09-29T13:16:02Z 00O t23[174] ok
2026-09-29T13:16:02Z 00O t23[175] ok
2026-09-29T13:16:02Z 00O t23[176] ok
2026-09-29T13:16:03Z 00O t23[177] ok
2026-09-29T13:16:03Z 00O t23[178] ok
2026-09-29T13:16:03Z 00O t23[179] ok
2026-09-29T13:16:03Z 00O t23[180] ok
2026-09-29T13:16:03Z 00O t23[181] ok
2026-09-29T13:16:04Z 00O t23[182] ok
2026-09-29T13:16:04Z 00O t23[183] ok
2026-09-29T13:16:04Z 00O t23[184] ok
2026-09-29T13:16:04Z 00O t23[185] ok
2026-09-29T13:16:04Z 00O t23[186] ok
2026-09-29T13:16:05Z 00O t23[187] ok
2026-09-29T13:16:05Z 00O t23[188] ok
2026-09-29T13:16:05Z 00O t23[189] ok
2026-09-29T13:16:05Z 00O t23[190] ok
2026-09-29T13:16:05Z 00O t23[191] ok
2026-09-29T13:16:06Z 00O t23[192] ok
2026-09-29T13:16:06Z 00O t23[193] ok
2026-09-29T13:16:06Z 00O t23[194] ok
2026-09-29T13:16:06Z 00O t23[195] ok
2026-09-29T13:16:06Z 00O t23[196] ok
2026-09-29T13:16:07Z 00O t23[197] ok
2026-09-29T13:16:07Z 00O t23[198] ok
2026-09-29T13:16:07Z 00O t23[199] ok
2026-09-29T13:16:07Z 00O t24[000] ok
2026-09-29T13:16:07Z 00O t24[001] ok
2026-09-29T13:16:08Z 00O t24[002] ok
2026-09-29T13:16:08Z 00O t24[003] ok
2026-09-29T13:16:08Z 00O t24[004] ok
2026-09-29T13:16:08Z 00O t24[005] ok
2026-09-29T13:16:08Z 00O t24[006] ok
2026-09-29T13:16:09Z 00O t24[007] ok
2026-09-29T13:16:09Z 00O t24[008] ok
2026-09-29T13:16:09Z 00O t24[009] ok
2026-09-29T13:16:09Z 00O t24[010] ok
2026-09-29T13:16:09Z 00O t24[011] ok
2026-09-29T13:16:10Z 00O t24[012] ok
2026-09-29T13:16:10Z 00O t24[013] ok
2026-09-29T13:16:10Z 00O t24[014] ok
2026-09-29T13:16:10Z 00O t24[015] ok
2026-09-29T13:16:10Z 00O t24[016] ok
2026-09-29T13:16:11Z 00O t24[017] ok
2026-09-29T13:16:11Z 00O t24[018] ok
2026-09-29T13:16:11Z 00O t24[019] ok
2026-09-29T13:16:11Z 00O t24[020] ok
2026-09-29T13:16:11Z 00O t24[021] ok
2026-09-29T13:16:12Z 00O t24[022] ok
2026-09-29T13:16:12Z 00O t24[023] ok
2026-09-29T13:16:12Z 00O t24[024] ok
2026-09-29T13:16:12Z 00O t24[025] ok
2026-09-29T13:16:12Z 00O t24[026] ok
2026-09-29T13:16:13Z 00O t24[027] ok
2026-09-29T13:16:13Z 00O t24[028] ok
2026-09-29T13:16:13Z 00O t24[029] ok
2026-09-29T13:16:13Z 00O t24[030] ok
2026-09-29T13:16:13Z 00O t24[031] ok
2026-09-29T13:16:14Z 00O t24[032] ok
2026-09-29T13:16:14Z 00O t24[033] ok
2026-09-29T13:16:14Z 00O t24[034] ok
2026-09-29T13:16:14Z 00O t24[035] ok
2026-09-29T13:16:14Z 00O t24[036] ok
2026-09-29T13:16:15Z 00O t24[037] ok
2026-09-29T13:16:15Z 00O t24[038] ok
2026-09-29T13:16:15Z 00O t24[039] ok
2026-09-29T13:16:15Z 00O t24[040] ok
2026-09-29T13:16:15Z 00O t24[041] ok
2026-09-29T13:16:16Z 00O t24[042] ok
2026-09-29T13:16:16Z 00O t24[043] ok
2026-09-29T13:16:16Z 00O t24[044] ok
2026-09-29T13:16:16Z 00O t24[045] ok
2026-09-29T13:16:16Z 00O t24[046] ok
2026-09-29T13:16:17Z 00O t24[047] ok
2026-09-29T13:16:17Z 00O t24[048] ok
2026-09-29T13:16:17Z 00O t24[049] ok
2026-09-29T13:16:17Z 00O t24[050] ok
2026-09-29T13:16:17Z 00O t24[051] ok
2026-09-29T13:16:18Z 00O t24[052] ok
2026-09-29T13:16:18Z 00O t24[053] ok
2026-09-29T13:16:18Z 00O t24[054] ok
2026-09-29T13:16:18Z 00O t24[055] ok
2026-09-29T13:16:18Z 00O t24[056] ok
2026-09-29T13:16:19Z 00O t24[057] ok
2026-09-29T13:16:19Z 00O t24[058] ok
2026-09-29T13:16:19Z 00O t24[059] ok
2026-09-29T13:16:19Z 00O t24[060] ok
2026-09-29T13:16:19Z 00O t24[061] ok
2026-09-29T13:16:20Z 00O t24[062] ok
2026-09-29T13:16:20Z 00O t24[063] ok
2026-09-29T13:16:20Z 00O t24[064] ok
2026-09-29T13:16:20Z 00O t24[065] ok
2026-09-29T13:16:20Z 00O t24[066] ok
2026-09-29T13:16:21Z 00O t24[067] ok
2026-09-29T13:16:21Z 00O t24[068] ok
2026-09-29T13:16:21Z 00O t24[069] ok
2026-09-29T13:16:21Z 00O t24[070] ok
2026-09-29T13:16:21Z 00O t24[071] ok
2026-09-29T13:16:22Z 00O t24[072] ok
2026-09-29T13:16:22Z 00O t24[073] ok
2026-09-29T13:16:22Z 00O t24[074] ok
2026-09-29T13:16:22Z 00O t24[075] ok
2026-09-29T13:16:22Z 00O t24[076] ok
2026-09-29T13:16:23Z 00O t24[077] ok
2026-09-29T13:16:23Z 00O t24[078] ok
2026-09-29T13:16:23Z 00O t24[079] ok
2026-09-29T13:16:23Z 00O t24[080] ok
2026-09-29T13:16:23Z 00O t24[081] ok
2026-09-29T13:16:24Z 00O t24[082] ok
2026-09-29T13:16:24Z 00O t24[083] ok
2026-09-29T13:16:24Z 00O t24[084] ok
2026-09-29T13:16:24Z 00O t24[085] ok
2026-09-29T13:16:24Z 00O t24[086] ok
2026-09-29T13:16:25Z 00O t24[087] ok
2026-09-29T13:16:25Z 00O t24[088] ok
2026-09-29T13:16:25Z 00O t24[089] ok
2026-09-29T13:16:25Z 00O t24[090] ok
2026-09-29T13:16:25Z 00O t24[091] ok
2026-09-29T13:16:26Z 00O t24[092] ok
2026-09-29T13:16:26Z 00O t24[093] ok
2026-09-29T13:16:26Z 00O t24[094] ok
2026-09-29T13:16:26Z 00O t24[095] ok
2026-09-29T13:16:26Z 00O t24[096] ok
2026-09-29T13:16:27Z 00O t24[097] ok
2026-09-29T13:16:27Z 00O t24[098] ok
2026-09-29T13:16:27Z 00O t24[099] ok
2026-09-29T13:16:27Z 00O t24[100] ok
2026-09-29T13:16:27Z 00O t24[101] ok
2026-09-29T13:16:28Z 00O t24[102] ok
2026-09-29T13:16:28Z 00O t24[103] ok
2026-09-29T13:16:28Z 00O t24[104] ok
2026-09-29T13:16:28Z 00O t24[105] ok
2026-09-29T13:16:28Z 00O t24[106] ok
2026-09-29T13:16:29Z 00O t24[107] ok
2026-09-29T13:16:29Z 00O t24[108] ok
2026-09-29T13:16:29Z 00O t24[109] ok
2026-09-29T13:16:29Z 00O t24[110] ok
2026-09-29T13:16:29Z 00O t24[111] ok
2026-09-29T13:16:30Z 00O t24[112] ok
2026-09-29T13:16:30Z 00O t24[113] ok
2026-09-29T13:16:30Z 00O t24[114] ok
2026-09-29T13:16:30Z 00O t24[115] ok
2026-09-29T13:16:30Z 00O t24[116] ok
2026-09-29T13:16:31Z 00O t24[117] ok
2026-09-29T13:16:31Z 00O t24[118] ok
2026-09-29T13:16:31Z 00O t24[119] ok
2026-09-29T13:16:31Z 00O t24[120] ok
2026-09-29T13:16:31Z 00O t24[121] ok
2026-09-29T13:16:32Z 00O t24[122] ok
2026-09-29T13:16:32Z 00O t24[123] ok
2026-09-29T13:16:32Z 00O t24[124] ok
2026-09-29T13:16:32Z 00O t24[125] ok
2026-09-29T13:16:32Z 00O t24[126] ok
2026-09-29T13:16:33Z 00O t24[127] ok
2026-09-29T13:16:33Z 00O t24[128] ok
2026-09-29T13:16:33Z 00O t24[129] ok
2026-09-29T13:16:33Z 00O t24[130] ok
2026-09-29T13:16:33Z 00O t24[131] ok
2026-09-29T13:16:34Z 00O t24[132] ok
2026-09-29T13:16:34Z 00O t24[133] ok
2026-09-29T13:16:34Z 00O t24[134] ok
2026-09-29T13:16:34Z 00O t24[135] ok
2026-09-29T13:16:34Z 00O t24[136] ok
2026-09-29T13:16:35Z 00O t24[137] ok
2026-09-29T13:16:35Z 00O t24[138] ok
2026-09-29T13:16:35Z 00O t24[139] ok
2026-09-29T13:16:35Z 00O t24[140] ok
2026-09-29T13:16:35Z 00O t24[141] ok
2026-09-29T13:16:36Z 00O t24[142] ok
2026-09-29T13:16:36Z 00O t24[143] ok
2026-09-29T13:16:36Z 00O t24[144] ok
2026-09-29T13:16:36Z 00O t24[145] ok
2026-09-29T13:16:36Z 00O t24[146] ok
2026-09-29T13:16:37Z 00O t24[147] ok
2026-09-29T13:16:37Z 00O t24[148] ok
2026-09-29T13:16:37Z 00O t24[149] ok
2026-09-29T13:16:37Z 00O t24[150] ok
2026-09-29T13:16:37Z 00O t24[151] ok
2026-09-29T13:16:38Z 00O t24[152] ok
2026-09-29T13:16:38Z 00O t24[153] ok
2026-09-29T13:16:38Z 00O t24[154] ok
2026-09-29T13:16:38Z 00O t24[155] ok
2026-09-29T13:16:38Z 00O t24[156] ok
2026-09-29T13:16:39Z 00O t24[157] ok
2026-09-29T13:16:39Z 00O t24[158] ok
2026-09-29T13:16:39Z 00O t24[159] ok
2026-09-29T13:16:39Z 00O t24[160] ok
2026-09-29T13:16:39Z 00O t24[161] ok
2026-09-29T13:16:40Z 00O t24[162] ok
2026-09-29T13:16:40Z 00O t24[163] ok
2026-09-29T13:16:40Z 00O t24[164] ok
2026-09-29T13:16:40Z 00O t24[165] ok
2026-09-29T13:16:40Z 00O t24[166] ok
2026-09-29T13:16:41Z 00O t24[167] ok
2026-09-29T13:16:41Z 00O t24[168] ok
2026-09-29T13:16:41Z 00O t24[169] ok
2026-09-29T13:16:41Z 00O t24[170] ok
2026-09-29T13:16:41Z 00O t24[171] ok
2026-09-29T13:16:42Z 00O t24[172] ok
2026-09-29T13:16:42Z 00O t24[173] ok
2026-09-29T13:16:42Z 00O t24[174] ok
2026-09-29T13:16:42Z 00O t24[175] ok
2026-09-29T13:16:42Z 00O t24[176] ok
2026-09-29T13:16:43Z 00O t24[177] ok
2026-09-29T13:16:43Z 00O t24[178] ok
2026-09-29T13:16:43Z 00O t24[179] ok
2026-09-29T13:16:43Z 00O t24[180] ok
2026-09-29T13:16:43Z 00O t24[181] ok
2026-09-29T13:16:44Z 00O t24[182] ok
2026-09-29T13:16:44Z 00O t24[183] ok
2026-09-29T13:16:44Z 00O t24[184] ok
2026-09-29T13:16:44Z 00O t24[185] ok
2026-09-29T13:16:44.785056Z 00O   DeprecationWarning: error_bad_lines is deprecated; use on_bad_lines instead
2026-09-29T13:16:45Z 00O t24[186] ok
2026-09-29T13:16:45Z 00O t24[187] ok
2026-09-29T13:16:45Z 00O t24[188] ok
2026-09-29T13:16:45Z 00O t24[189] ok
2026-09-29T13:16:45Z 00O t24[190] ok
2026-09-29T13:16:46Z 00O t24[191] ok
2026-09-29T13:16:46Z 00O t24[192] ok
2026-09-29T13:16:46Z 00O t24[193] ok
2026-09-29T13:16:46Z 00O t24[194] ok
2026-09-29T13:16:46Z 00O t24[195] ok
2026-09-29T13:16:47Z 00O t24[196] ok
2026-09-29T13:16:47Z 00O t24[197] ok
2026-09-29T13:16:47Z 00O t24[198] ok
2026-09-29T13:16:47Z 00O t24[199] ok
2026-09-29T13:16:47Z 00O t25[000] ok
2026-09-29T13:16:48Z 00O t25[001] ok
2026-09-29T13:16:48Z 00O t25[002] ok
2026-09-29T13:16:48Z 00O t25[003] ok
2026-09-29T13:16:48Z 00O t25[004] ok
2026-09-29T13:16:48Z 00O t25[005] ok
2026-09-29T13:16:49Z 00O t25[006] ok
2026-09-29T13:16:49Z 00O t25[007] ok
2026-09-29T13:16:49Z 00O t25[008] ok
2026-09-29T13:16:49Z 00O t25[009] ok
2026-09-29T13:16:49Z 00O t25[010] ok
2026-09-29T13:16:50Z 00O t25[011] ok
2026-09-29T13:16:50Z 00O t25[012] ok
2026-09-29T13:16:50Z 00O t25[013] ok
2026-09-29T13:16:50Z 00O t25[014] ok
2026-09-29T13:16:50Z 00O t25[015] ok
2026-09-29T13:16:51Z 00O t25[016] ok
2026-09-29T13:16:51Z 00O t25[017] ok
2026-09-29T13:16:51Z 00O t25[018] ok
2026-09-29T13:16:51Z 00O t25[019] ok
2026-09-29T13:16:51Z 00O t25[020] ok
2026-09-29T13:16:52Z 00O t25[021] ok
2026-09-29T13:16:52Z 00O t25[022] ok
2026-09-29T13:16:52Z 00O t25[023] ok
2026-09-29T13:16:52Z 00O t25[024] ok
2026-09-29T13:16:52Z 00O t25[025] ok
2026-09-29T13:16:53Z 00O t25[026] ok
2026-09-29T13:16:53Z 00O t25[027] ok
2026-09-29T13:16:53Z 00O t25[028] ok
2026-09-29T13:16:53Z 00O t25[029] ok
2026-09-29T13:16:53Z 00O t25[030] ok
2026-09-29T13:16:54Z 00O t25[031] ok
2026-09-29T13:16:54Z 00O t25[032] ok
2026-09-29T13:16:54Z 00O t25[033] ok
2026-09-29T13:16:54Z 00O t25[034] ok
2026-09-29T13:16:54Z 00O t25[035] ok
2026-09-29T13:16:55Z 00O t25[036] ok
2026-09-29T13:16:55Z 00O t25[037] ok
2026-09-29T13:16:55Z 00O t25[038] ok
2026-09-29T13:16:55Z 00O t25[039] ok
2026-09-29T13:16:55Z 00O t25[040] ok
2026-09-29T13:16:56Z 00O t25[041] ok
2026-09-29T13:16:56Z 00O t25[042] ok
2026-09-29T13:16:56Z 00O t25[043] ok
2026-09-29T13:16:56Z 00O t25[044] ok
2026-09-29T13:16:56Z 00O t25[045] ok
2026-09-29T13:16:57Z 00O t25[046] ok
2026-09-29T13:16:57Z 00O t25[047] ok
2026-09-29T13:16:57Z 00O t25[048] ok
2026-09-29T13:16:57Z 00O t25[049] ok
2026-09-29T13:16:57Z 00O t25[050] ok
2026-09-29T13:16:58Z 00O t25[051] ok
2026-09-29T13:16:58Z 00O t25[052] ok
2026-09-29T13:16:58Z 00O t25[053] ok
2026-09-29T13:16:58Z 00O t25[054] ok
2026-09-29T13:16:58Z 00O t25[055] ok
2026-09-29T13:16:59Z 00O t25[056] ok
2026-09-29T13:16:59Z 00O t25[057] ok
2026-09-29T13:16:59Z 00O t25[058] ok
2026-09-29T13:16:59Z 00O t25[059] ok
2026-09-29T13:16:59Z 00O t25[060] ok
2026-09-29T13:17:00Z 00O t25[061] ok
2026-09-29T13:17:00Z 00O t25[062] ok
2026-09-29T13:17:00Z 00O t25[063] ok
2026-09-29T13:17:00Z 00O t25[064] ok
2026-09-29T13:17:00Z 00O t25[065] ok
2026-09-29T13:17:01Z 00O t25[066] ok
2026-09-29T13:17:01Z 00O t25[067] ok
2026-09-29T13:17:01Z 00O t25[068] ok
2026-09-29T13:17:01Z 00O t25[069] ok
2026-09-29T13:17:01Z 00O t25[070] ok
2026-09-29T13:17:02Z 00O t25[071] ok
2026-09-29T13:17:02Z 00O t25[072] ok
2026-09-29T13:17:02Z 00O t25[073] ok
2026-09-29T13:17:02Z 00O t25[074] ok
2026-09-29T13:17:02Z 00O t25[075] ok
2026-09-29T13:17:03Z 00O t25[076] ok
2026-09-29T13:17:03Z 00O t25[077] ok
2026-09-29T13:17:03Z 00O t25[078] ok
2026-09-29T13:17:03Z 00O t25[079] ok
2026-09-29T13:17:03Z 00O t25[080] ok
2026-09-29T13:17:04Z 00O t25[081] ok
2026-09-29T13:17:04Z 00O t25[082] ok
2026-09-29T13:17:04Z 00O t25[083] ok
2026-09-29T13:17:04Z 00O t25[084] ok
2026-09-29T13:17:04Z 00O t25[085] ok
2026-09-29T13:17:05Z 00O t25[086] ok
2026-09-29T13:17:05Z 00O t25[087] ok
2026-09-29T13:17:05Z 00O t25[088] ok
2026-09-29T13:17:05Z 00O t25[089] ok
2026-09-29T13:17:05Z 00O t25[090] ok
2026-09-29T13:17:06Z 00O t25[091] ok
2026-09-29T13:17:06Z 00O t25[092] ok
2026-09-29T13:17:06Z 00O t25[093] ok
2026-09-29T13:17:06Z 00O t25[094] ok
2026-09-29T13:17:06Z 00O t25[095] ok
2026-09-29T13:17:07Z 00O t25[096] ok
2026-09-29T13:17:07Z 00O t25[097] ok
2026-09-29T13:17:07Z 00O t25[098] ok
2026-09-29T13:17:07Z 00O t25[099] ok
2026-09-29T13:17:07Z 00O t25[100] ok
2026-09-29T13:17:08Z 00O t25[101] ok
2026-09-29T13:17:08Z 00O t25[102] ok
2026-09-29T13:17:08Z 00O t25[103] ok
2026-09-29T13:17:08Z 00O t25[104] ok
2026-09-29T13:17:08Z 00O t25[105] ok
2026-09-29T13:17:09Z 00O t25[106] ok
2026-09-29T13:17:09Z 00O t25[107] ok
2026-09-29T13:17:09Z 00O t25[108] ok
2026-09-29T13:17:09Z 00O t25[109] ok
2026-09-29T13:17:09Z 00O t25[110] ok
2026-09-29T13:17:10Z 00O t25[111] ok
2026-09-29T13:17:10Z 00O t25[112] ok
2026-09-29T13:17:10Z 00O t25[113] ok
2026-09-29T13:17:10Z 00O t25[114] ok
2026-09-29T13:17:10Z 00O t25[115] ok
2026-09-29T13:17:11Z 00O t25[116] ok
2026-09-29T13:17:11Z 00O t25[117] ok
2026-09-29T13:17:11Z 00O t25[118] ok
2026-09-29T13:17:11Z 00O t25[119] ok
2026-09-29T13:17:11Z 00O t25[120] ok
2026-09-29T13:17:12Z 00O t25[121] ok
2026-09-29T13:17:12Z 00O t25[122] ok
2026-09-29T13:17:12Z 00O t25[123] ok
2026-09-29T13:17:12Z 00O t25[124] ok
2026-09-29T13:17:12Z 00O t25[125] ok
2026-09-29T13:17:13Z 00O t25[126] ok
2026-09-29T13:17:13Z 00O t25[127] ok
2026-09-29T13:17:13Z 00O t25[128] ok
2026-09-29T13:17:13Z 00O t25[129] ok
2026-09-29T13:17:13Z 00O t25[130] ok
2026-09-29T13:17:14Z 00O t25[131] ok
2026-09-29T13:17:14Z 00O t25[132] ok
2026-09-29T13:17:14Z 00O t25[133] ok
2026-09-29T13:17:14Z 00O t25[134] ok
2026-09-29T13:17:14Z 00O t25[135] ok
2026-09-29T13:17:15Z 00O t25[136] ok
2026-09-29T13:17:15Z 00O t25[137] ok
2026-09-29T13:17:15Z 00O t25[138] ok
2026-09-29T13:17:15Z 00O t25[139] ok
2026-09-29T13:17:15Z 00O t25[140] ok
2026-09-29T13:17:16Z 00O t25[141] ok
2026-09-29T13:17:16Z 00O t25[142] ok
2026-09-29T13:17:16Z 00O t25[143] ok
2026-09-29T13:17:16Z 00O t25[144] ok
2026-09-29T13:17:16Z 00O t25[145] ok
2026-09-29T13:17:17Z 00O t25[146] ok
2026-09-29T13:17:17Z 00O t25[147] ok
2026-09-29T13:17:17Z 00O t25[148] ok
2026-09-29T13:17:17Z 00O t25[149] ok
2026-09-29T13:17:17Z 00O t25[150] ok
2026-09-29T13:17:18Z 00O t25[151] ok
2026-09-29T13:17:18Z 00O t25[152] ok
2026-09-29T13:17:18Z 00O t25[153] ok
2026-09-29T13:17:18Z 00O t25[154] ok
2026-09-29T13:17:18Z 00O t25[155] ok
2026-09-29T13:17:19Z 00O t25[156] ok
2026-09-29T13:17:19Z 00O t25[157] ok
2026-09-29T13:17:19Z 00O t25[158] ok
2026-09-29T13:17:19Z 00O t25[159] ok
2026-09-29T13:17:19Z 00O t25[160] ok
2026-09-29T13:17:20Z 00O t25[161] ok
2026-09-29T13:17:20Z 00O t25[162] ok
2026-09-29T13:17:20Z 00O t25[163] ok
2026-09-29T13:17:20Z 00O t25[164] ok
2026-09-29T13:17:20Z 00O t25[165] ok
2026-09-29T13:17:21Z 00O t25[166] ok
2026-09-29T13:17:21Z 00O t25[167] ok
2026-09-29T13:17:21Z 00O t25[168] ok
2026-09-29T13:17:21Z 00O t25[169] ok
2026-09-29T13:17:21Z 00O t25[170] ok
2026-09-29T13:17:22Z 00O t25[171] ok
2026-09-29T13:17:22Z 00O t25[172] ok
2026-09-29T13:17:22Z 00O t25[173] ok
2026-09-29T13:17:22Z 00O t25[174] ok
2026-09-29T13:17:22Z 00O t25[175] ok
2026-09-29T13:17:23Z 00O t25[176] ok
2026-09-29T13:17:23Z 00O t25[177] ok
2026-09-29T13:17:23Z 00O t25[178] ok
2026-09-29T13:17:23Z 00O t25[179] ok
2026-09-29T13:17:23Z 00O t25[180] ok
2026-09-29T13:17:24Z 00O t25[181] ok
2026-09-29T13:17:24Z 00O t25[182] ok
2026-09-29T13:17:24Z 00O t25[183] ok
2026-09-29T13:17:24Z 00O t25[184] ok
2026-09-29T13:17:24Z 00O t25[185] ok
2026-09-29T13:17:25Z 00O t25[186] ok
2026-09-29T13:17:25Z 00O t25[187] ok
2026-09-29T13:17:25Z 00O t25[188] ok
2026-09-29T13:17:25Z 00O t25[189] ok
2026-09-29T13:17:25Z 00O t25[190] ok
2026-09-29T13:17:26Z 00O t25[191] ok
2026-09-29T13:17:26Z 00O t25[192] ok
2026-09-29T13:17:26Z 00O t25[193] ok
2026-09-29T13:17:26Z 00O t25[194] ok
2026-09-29T13:17:26Z 00O t25[195] ok
2026-09-29T13:17:27Z 00O t25[196] ok
2026-09-29T13:17:27Z 00O t25[197] ok
2026-09-29T13:17:27Z 00O t25[198] ok
2026-09-29T13:17:27Z 00O t25[199] ok
2026-09-29T13:17:27Z 00O t26[000] ok
2026-09-29T13:17:28Z 00O t26[001] ok
2026-09-29T13:17:28Z 00O t26[002] ok
2026-09-29T13:17:28Z 00O t26[003] ok
2026-09-29T13:17:28Z 00O t26[004] ok
2026-09-29T13:17:28Z 00O t26[005] ok
2026-09-29T13:17:29Z 00O t26[006] ok
2026-09-29T13:17:29Z 00O t26[007] ok
2026-09-29T13:17:29Z 00O t26[008] ok
2026-09-29T13:17:29Z 00O t26[009] ok
2026-09-29T13:17:29Z 00O t26[010] ok
2026-09-29T13:17:30Z 00O t26[011] ok
2026-09-29T13:17:30Z 00O t26[012] ok
2026-09-29T13:17:30Z 00O t26[013] ok
2026-09-29T13:17:30Z 00O t26[014] ok
2026-09-29T13:17:30Z 00O t26[015] ok
2026-09-29T13:17:31Z 00O t26[016] ok
2026-09-29T13:17:31Z 00O t26[017] ok
2026-09-29T13:17:31Z 00O t26[018] ok
2026-09-29T13:17:31Z 00O t26[019] ok
2026-09-29T13:17:31Z 00O t26[020] ok
2026-09-29T13:17:32Z 00O t26[021] ok
2026-09-29T13:17:32Z 00O t26[022] ok
2026-09-29T13:17:32Z 00O t26[023] ok
2026-09-29T13:17:32Z 00O t26[024] ok
2026-09-29T13:17:32Z 00O t26[025] ok
2026-09-29T13:17:33Z 00O t26[026] ok
2026-09-29T13:17:33Z 00O t26[027] ok
2026-09-29T13:17:33Z 00O t26[028] ok
2026-09-29T13:17:33Z 00O t26[029] ok
2026-09-29T13:17:33Z 00O t26[030] ok
2026-09-29T13:17:34Z 00O t26[031] ok
2026-09-29T13:17:34Z 00O t26[032] ok
2026-09-29T13:17:34Z 00O t26[033] ok
2026-09-29T13:17:34Z 00O t26[034] ok
2026-09-29T13:17:34Z 00O t26[035] ok
2026-09-29T13:17:35Z 00O t26[036] ok
2026-09-29T13:17:35Z 00O t26[037] ok
2026-09-29T13:17:35Z 00O t26[038] ok
2026-09-29T13:17:35Z 00O t26[039] ok
2026-09-29T13:17:35Z 00O t26[040] ok
2026-09-29T13:17:36Z 00O t26[041] ok
2026-09-29T13:17:36Z 00O t26[042] ok
2026-09-29T13:17:36Z 00O t26[043] ok
2026-09-29T13:17:36Z 00O t26[044] ok
2026-09-29T13:17:36Z 00O t26[045] ok
2026-09-29T13:17:37Z 00O t26[046] ok
2026-09-29T13:17:37Z 00O t26[047] ok
2026-09-29T13:17:37Z 00O t26[048] ok
2026-09-29T13:17:37Z 00O t26[049] ok
2026-09-29T13:17:37Z 00O t26[050] ok
2026-09-29T13:17:38Z 00O t26[051] ok
2026-09-29T13:17:38Z 00O t26[052] ok
2026-09-29T13:17:38Z 00O t26[053] ok
2026-09-29T13:17:38Z 00O t26[054] ok
2026-09-29T13:17:38Z 00O t26[055] ok
2026-09-29T13:17:39Z 00O t26[056] ok
2026-09-29T13:17:39Z 00O t26[057] ok
2026-09-29T13:17:39Z 00O t26[058] ok
2026-09-29T13:17:39Z 00O t26[059] ok
2026-09-29T13:17:39Z 00O t26[060] ok
2026-09-29T13:17:40Z 00O t26[061] ok
2026-09-29T13:17:40Z 00O t26[062] ok
2026-09-29T13:17:40Z 00O t26[063] ok
2026-09-29T13:17:40Z 00O t26[064] ok
2026-09-29T13:17:40Z 00O t26[065] ok
2026-09-29T13:17:41Z 00O t26[066] ok
2026-09-29T13:17:41Z 00O t26[067] ok
2026-09-29T13:17:41Z 00O t26[068] ok
2026-09-29T13:17:41Z 00O t26[069] ok
2026-09-29T13:17:41Z 00O t26[070] ok
2026-09-29T13:17:42Z 00O t26[071] ok
2026-09-29T13:17:42Z 00O t26[072] ok
2026-09-29T13:17:42Z 00O t26[073] ok
2026-09-29T13:17:42Z 00O t26[074] ok
2026-09-29T13:17:42Z 00O t26[075] ok
2026-09-29T13:17:43Z 00O t26[076] ok
2026-09-29T13:17:43Z 00O t26[077] ok
2026-09-29T13:17:43Z 00O t26[078] ok
2026-09-29T13:17:43Z 00O t26[079] ok
2026-09-29T13:17:43Z 00O t26[080] ok
2026-09-29T13:17:44Z 00O t26[081] ok
2026-09-29T13:17:44Z 00O t26[082] ok
2026-09-29T13:17:44Z 00O t26[083] ok
2026-09-29T13:17:44Z 00O t26[084] ok
2026-09-29T13:17:44Z 00O t26[085] ok
2026-09-29T13:17:45Z 00O t26[086] ok
2026-09-29T13:17:45Z 00O t26[087] ok
2026-09-29T13:17:45Z 00O t26[088] ok
2026-09-29T13:17:45Z 00O t26[089] ok
2026-09-29T13:17:45Z 00O t26[090] ok
2026-09-29T13:17:46Z 00O t26[091] ok
2026-09-29T13:17:46Z 00O t26[092] ok
2026-09-29T13:17:46Z 00O t26[093] ok
2026-09-29T13:17:46Z 00O t26[094] ok
2026-09-29T13:17:46Z 00O t26[095] ok
2026-09-29T13:17:47Z 00O t26[096] ok
2026-09-29T13:17:47Z 00O t26[097] ok
2026-09-29T13:17:47Z 00O t26[098] ok
2026-09-29T13:17:47Z 00O t26[099] ok
2026-09-29T13:17:47Z 00O t26[100] ok
2026-09-29T13:17:48Z 00O t26[101] ok
2026-09-29T13:17:48Z 00O t26[102] ok
2026-09-29T13:17:48Z 00O t26[103] ok
2026-09-29T13:17:48Z 00O t26[104] ok
2026-09-29T13:17:48Z 00O t26[105] ok
2026-09-29T13:17:49Z 00O t26[106] ok
2026-09-29T13:17:49Z 00O t26[107] ok
2026-09-29T13:17:49Z 00O t26[108] ok
2026-09-29T13:17:49Z 00O t26[109] ok
2026-09-29T13:17:49Z 00O t26[110] ok
2026-09-29T13:17:50Z 00O t26[111] ok
2026-09-29T13:17:50Z 00O t26[112] ok
2026-09-29T13:17:50Z 00O t26[113] ok
2026-09-29T13:17:50Z 00O t26[114] ok
2026-09-29T13:17:50Z 00O t26[115] ok
2026-09-29T13:17:51Z 00O t26[116] ok
2026-09-29T13:17:51Z 00O t26[117] ok
2026-09-29T13:17:51Z 00O t26[118] ok
2026-09-29T13:17:51Z 00O t26[119] ok
2026-09-29T13:17:51Z 00O t26[120] ok
2026-09-29T13:17:52Z 00O t26[121] ok
2026-09-29T13:17:52Z 00O t26[122] ok
2026-09-29T13:17:52Z 00O t26[123] ok
2026-09-29T13:17:52Z 00O t26[124] ok
2026-09-29T13:17:52Z 00O t26[125] ok
2026-09-29T13:17:53Z 00O t26[126] ok
2026-09-29T13:17:53Z 00O t26[127] ok
2026-09-29T13:17:53Z 00O t26[128] ok
2026-09-29T13:17:53Z 00O t26[129] ok
2026-09-29T13:17:53Z 00O t26[130] ok
2026-09-29T13:17:54Z 00O t26[131] ok
2026-09-29T13:17:54Z 00O t26[132] ok
2026-09-29T13:17:54Z 00O t26[133] ok
2026-09-29T13:17:54Z 00O t26[134] ok
2026-09-29T13:17:54Z 00O t26[135] ok
2026-09-29T13:17:55Z 00O t26[136] ok
2026-09-29T13:17:55Z 00O t26[137] ok
2026-09-29T13:17:55Z 00O t26[138] ok
2026-09-29T13:17:55Z 00O t26[139] ok
2026-09-29T13:17:55Z 00O t26[140] ok
2026-09-29T13:17:56Z 00O t26[141] ok
2026-09-29T13:17:56Z 00O t26[142] ok
2026-09-29T13:17:56Z 00O t26[143] ok
2026-09-29T13:17:56Z 00O t26[144] ok
2026-09-29T13:17:56Z 00O t26[145] ok
2026-09-29T13:17:57Z 00O t26[146] ok
2026-09-29T13:17:57Z 00O t26[147] ok
2026-09-29T13:17:57Z 00O t26[148] ok
2026-09-29T13:17:57Z 00O t26[149] ok
2026-09-29T13:17:57Z 00O t26[150] ok
2026-09-29T13:17:58Z 00O t26[151] ok
2026-09-29T13:17:58Z 00O t26[152] ok
2026-09-29T13:17:58Z 00O t26[153] ok
2026-09-29T13:17:58Z 00O t26[154] ok
2026-09-29T13:17:58Z 00O t26[155] ok
2026-09-29T13:17:59Z 00O t26[156] ok
2026-09-29T13:17:59Z 00O t26[157] ok
2026-09-29T13:17:59Z 00O t26[158] ok
2026-09-29T13:17:59Z 00O t26[159] ok
2026-09-29T13:17:59Z 00O t26[160] ok
2026-09-29T13:18:00Z 00O t26[161] ok
2026-09-29T13:18:00Z 00O t26[162] ok
2026-09-29T13:18:00Z 00O t26[163] ok
2026-09-29T13:18:00Z 00O t26[164] ok
2026-09-29T13:18:00Z 00O t26[165] ok
2026-09-29T13:18:01Z 00O t26[166] ok
2026-09-29T13:18:01Z 00O t26[167] ok
2026-09-29T13:18:01Z 00O t26[168] ok
2026-09-29T13:18:01Z 00O t26[169] ok
2026-09-29T13:18:01Z 00O t26[170] ok
2026-09-29T13:18:02Z 00O t26[171] ok
2026-09-29T13:18:02Z 00O t26[172] ok
2026-09-29T13:18:02Z 00O t26[173] ok
2026-09-29T13:18:02Z 00O t26[174] ok
2026-09-29T13:18:02Z 00O t26[175] ok
2026-09-29T13:18:03Z 00O t26[176] ok
2026-09-29T13:18:03Z 00O t26[177] ok
2026-09-29T13:18:03Z 00O t26[178] ok
2026-09-29T13:18:03Z 00O t26[179] ok
2026-09-29T13:18:03Z 00O t26[180] ok
2026-09-29T13:18:04Z 00O t26[181] ok
2026-09-29T13:18:04Z 00O t26[182] ok
2026-09-29T13:18:04Z 00O t26[183] ok
2026-09-29T13:18:04Z 00O t26[184] ok
2026-09-29T13:18:04Z 00O t26[185] ok
2026-09-29T13:18:05Z 00O t26[186] ok
2026-09-29T13:18:05Z 00O t26[187] ok
2026-09-29T13:18:05Z 00O t26[188] ok
2026-09-29T13:18:05Z 00O t26[189] ok
2026-09-29T13:18:05Z 00O t26[190] ok
2026-09-29T13:18:06Z 00O t26[191] ok
2026-09-29T13:18:06Z 00O t26[192] ok
2026-09-29T13:18:06Z 00O t26[193] ok
2026-09-29T13:18:06Z 00O t26[194] ok
2026-09-29T13:18:06Z 00O t26[195] ok
2026-09-29T13:18:07Z 00O t26[196] ok
2026-09-29T13:18:07Z 00O t26[197] ok
2026-09-29T13:18:07Z 00O t26[198] ok
2026-09-29T13:18:07Z 00O t26[199] ok
2026-09-29T13:18:07Z 00O t27[000] ok
2026-09-29T13:18:08Z 00O t27[001] ok
2026-09-29T13:18:08Z 00O t27[002] ok
2026-09-29T13:18:08Z 00O t27[003] ok
2026-09-29T13:18:08Z 00O t27[004] ok
2026-09-29T13:18:08Z 00O t27[005] ok
2026-09-29T13:18:09Z 00O t27[006] ok
2026-09-29T13:18:09Z 00O t27[007] ok
2026-09-29T13:18:09Z 00O t27[008] ok
2026-09-29T13:18:09Z 00O t27[009] ok
2026-09-29T13:18:09Z 00O t27[010] ok
2026-09-29T13:18:10Z 00O t27[011] ok
2026-09-29T13:18:10Z 00O t27[012] ok
2026-09-29T13:18:10Z 00O t27[013] ok
2026-09-29T13:18:10Z 00O t27[014] ok
2026-09-29T13:18:10Z 00O t27[015] ok
2026-09-29T13:18:11Z 00O t27[016] ok
2026-09-29T13:18:11Z 00O t27[017] ok
2026-09-29T13:18:11Z 00O t27[018] ok
2026-09-29T13:18:11Z 00O t27[019] ok
2026-09-29T13:18:11Z 00O t27[020] ok
2026-09-29T13:18:12Z 00O t27[021] ok
2026-09-29T13:18:12Z 00O t27[022] ok
2026-09-29T13:18:12Z 00O t27[023] ok
2026-09-29T13:18:12Z 00O t27[024] ok
2026-09-29T13:18:12Z 00O t27[025] ok
2026-09-29T13:18:13Z 00O t27[026] ok
2026-09-29T13:18:13Z 00O t27[027] ok
2026-09-29T13:18:13Z 00O t27[028] ok
2026-09-29T13:18:13Z 00O t27[029] ok
2026-09-29T13:18:13Z 00O t27[030] ok
2026-09-29T13:18:14Z 00O t27[031] ok
2026-09-29T13:18:14Z 00O t27[032] ok
2026-09-29T13:18:14Z 00O t27[033] ok
2026-09-29T13:18:14Z 00O t27[034] ok
2026-09-29T13:18:14Z 00O t27[035] ok
2026-09-29T13:18:15Z 00O t27[036] ok
2026-09-29T13:18:15Z 00O t27[037] ok
2026-09-29T13:18:15Z 00O t27[038] ok
2026-09-29T13:18:15Z 00O t27[039] ok
2026-09-29T13:18:15Z 00O t27[040] ok
2026-09-29T13:18:16Z 00O t27[041] ok
2026-09-29T13:18:16Z 00O t27[042] ok
2026-09-29T13:18:16Z 00O t27[043] ok
2026-09-29T13:18:16Z 00O t27[044] ok
2026-09-29T13:18:16Z 00O t27[045] ok
2026-09-29T13:18:17Z 00O t27[046] ok
2026-09-29T13:18:17Z 00O t27[047] ok
2026-09-29T13:18:17Z 00O t27[048] ok
2026-09-29T13:18:17Z 00O t27[049] ok
2026-09-29T13:18:17Z 00O t27[050] ok
2026-09-29T13:18:18Z 00O t27[051] ok
2026-09-29T13:18:18Z 00O t27[052] ok
2026-09-29T13:18:18Z 00O t27[053] ok
2026-09-29T13:18:18Z 00O t27[054] ok
2026-09-29T13:18:18Z 00O t27[055] ok
2026-09-29T13:18:19Z 00O t27[056] ok
2026-09-29T13:18:19Z 00O t27[057] ok
2026-09-29T13:18:19Z 00O t27[058] ok
2026-09-29T13:18:19Z 00O t27[059] ok
2026-09-29T13:18:19Z 00O t27[060] ok
2026-09-29T13:18:20Z 00O t27[061] ok
2026-09-29T13:18:20Z 00O t27[062] ok
2026-09-29T13:18:20Z 00O t27[063] ok
2026-09-29T13:18:20Z 00O t27[064] ok
2026-09-29T13:18:20Z 00O t27[065] ok
2026-09-29T13:18:21Z 00O t27[066] ok
2026-09-29T13:18:21Z 00O t27[067] ok
2026-09-29T13:18:21Z 00O t27[068] ok
2026-09-29T13:18:21Z 00O t27[069] ok
2026-09-29T13:18:21Z 00O t27[070] ok
2026-09-29T13:18:22Z 00O t27[071] ok
2026-09-29T13:18:22Z 00O t27[072] ok
2026-09-29T13:18:22Z 00O t27[073] ok
2026-09-29T13:18:22Z 00O t27[074] ok
2026-09-29T13:18:22Z 00O t27[075] ok
2026-09-29T13:18:23Z 00O t27[076] ok
2026-09-29T13:18:23Z 00O t27[077] ok
2026-09-29T13:18:23Z 00O t27[078] ok
2026-09-29T13:18:23Z 00O t27[079] ok
2026-09-29T13:18:23Z 00O t27[080] ok
2026-09-29T13:18:24Z 00O t27[081] ok
2026-09-29T13:18:24Z 00O t27[082] ok
2026-09-29T13:18:24Z 00O t27[083] ok
2026-09-29T13:18:24Z 00O t27[084] ok
2026-09-29T13:18:24Z 00O t27[085] ok
2026-09-29T13:18:25Z 00O t27[086] ok
2026-09-29T13:18:25Z 00O t27[087] ok
2026-09-29T13:18:25Z 00O t27[088] ok
2026-09-29T13:18:25Z 00O t27[089] ok
2026-09-29T13:18:25Z 00O t27[090] ok
2026-09-29T13:18:26Z 00O t27[091] ok
2026-09-29T13:18:26Z 00O t27[092] ok
2026-09-29T13:18:26Z 00O t27[093] ok
2026-09-29T13:18:26Z 00O t27[094] ok
2026-09-29T13:18:26Z 00O t27[095] ok
2026-09-29T13:18:27Z 00O t27[096] ok
2026-09-29T13:18:27Z 00O t27[097] ok
2026-09-29T13:18:27Z 00O t27[098] ok
2026-09-29T13:18:27Z 00O t27[099] ok
2026-09-29T13:18:27Z 00O t27[100] ok
2026-09-29T13:18:28Z 00O t27[101] ok
2026-09-29T13:18:28Z 00O t27[102] ok
2026-09-29T13:18:28Z 00O t27[103] ok
2026-09-29T13:18:28Z 00O t27[104] ok
2026-09-29T13:18:28Z 00O t27[105] ok
2026-09-29T13:18:29Z 00O t27[106] ok
2026-09-29T13:18:29Z 00O t27[107] ok
2026-09-29T13:18:29Z 00O t27[108] ok
2026-09-29T13:18:29Z 00O t27[109] ok
2026-09-29T13:18:29Z 00O t27[110] ok
2026-09-29T13:18:30Z 00O t27[111] ok
2026-09-29T13:18:30Z 00O t27[112] ok
2026-09-29T13:18:30Z 00O t27[113] ok
2026-09-29T13:18:30Z 00O t27[114] ok
2026-09-29T13:18:30Z 00O t27[115] ok
2026-09-29T13:18:31Z 00O t27[116] ok
2026-09-29T13:18:31Z 00O t27[117] ok
2026-09-29T13:18:31Z 00O t27[118] ok
2026-09-29T13:18:31Z 00O t27[119] ok
2026-09-29T13:18:31Z 00O t27[120] ok
2026-09-29T13:18:32Z 00O t27[121] ok
2026-09-29T13:18:32Z 00O t27[122] ok
2026-09-29T13:18:32Z 00O t27[123] ok
2026-09-29T13:18:32Z 00O t27[124] ok
2026-09-29T13:18:32Z 00O t27[125] ok
2026-09-29T13:18:33Z 00O t27[126] ok
2026-09-29T13:18:33Z 00O t27[127] ok
2026-09-29T13:18:33Z 00O t27[128] ok
2026-09-29T13:18:33Z 00O t27[129] ok
2026-09-29T13:18:33Z 00O t27[130] ok
2026-09-29T13:18:34Z 00O t27[131] ok
2026-09-29T13:18:34Z 00O t27[132] ok
2026-09-29T13:18:34Z 00O t27[133] ok
2026-09-29T13:18:34Z 00O t27[134] ok
2026-09-29T13:18:34Z 00O t27[135] ok
2026-09-29T13:18:35Z 00O t27[136] ok
2026-09-29T13:18:35Z 00O t27[137] ok
2026-09-29T13:18:35Z 00O t27[138] ok
2026-09-29T13:18:35Z 00O t27[139] ok
2026-09-29T13:18:35Z 00O t27[140] ok
2026-09-29T13:18:36Z 00O t27[141] ok
2026-09-29T13:18:36Z 00O t27[142] ok
2026-09-29T13:18:36Z 00O t27[143] ok
2026-09-29T13:18:36Z 00O t27[144] ok
2026-09-29T13:18:36Z 00O t27[145] ok
2026-09-29T13:18:37Z 00O t27[146] ok
2026-09-29T13:18:37Z 00O t27[147] ok
2026-09-29T13:18:37Z 00O t27[148] ok
2026-09-29T13:18:37Z 00O t27[149] ok
2026-09-29T13:18:37Z 00O t27[150] ok
2026-09-29T13:18:38Z 00O t27[151] ok
2026-09-29T13:18:38Z 00O t27[152] ok
2026-09-29T13:18:38Z 00O t27[153] ok
2026-09-29T13:18:38Z 00O t27[154] ok
2026-09-29T13:18:38Z 00O t27[155] ok
2026-09-29T13:18:39Z 00O t27[156] ok
2026-09-29T13:18:39Z 00O t27[157] ok
2026-09-29T13:18:39Z 00O t27[158] ok
2026-09-29T13:18:39Z 00O t27[159] ok
2026-09-29T13:18:39Z 00O t27[160] ok
2026-09-29T13:18:40Z 00O t27[161] ok
2026-09-29T13:18:40Z 00O t27[162] ok
2026-09-29T13:18:40Z 00O t27[163] ok
2026-09-29T13:18:40Z 00O t27[164] ok
2026-09-29T13:18:40Z 00O t27[165] ok
2026-09-29T13:18:41Z 00O t27[166] ok
2026-09-29T13:18:41Z 00O t27[167] ok
2026-09-29T13:18:41Z 00O t27[168] ok
2026-09-29T13:18:41Z 00O t27[169] ok
2026-09-29T13:18:41Z 00O t27[170] ok
2026-09-29T13:18:42Z 00O t27[171] ok
2026-09-29T13:18:42Z 00O t27[172] ok
2026-09-29T13:18:42Z 00O t27[173] ok
2026-09-29T13:18:42Z 00O t27[174] ok
2026-09-29T13:18:42Z 00O t27[175] ok
2026-09-29T13:18:43Z 00O t27[176] ok
2026-09-29T13:18:43Z 00O t27[177] ok
2026-09-29T13:18:43Z 00O t27[178] ok
2026-09-29T13:18:43Z 00O t27[179] ok
2026-09-29T13:18:43Z 00O t27[180] ok
2026-09-29T13:18:44Z 00O t27[181] ok
2026-09-29T13:18:44Z 00O t27[182] ok
2026-09-29T13:18:44Z 00O t27[183] ok
2026-09-29T13:18:44Z 00O t27[184] ok
2026-09-29T13:18:44Z 00O t27[185] ok
2026-09-29T13:18:45Z 00O t27[186] ok
2026-09-29T13:18:45Z 00O t27[187] ok
2026-09-29T13:18:45Z 00O t27[188] ok
2026-09-29T13:18:45Z 00O t27[189] ok
2026-09-29T13:18:45Z 00O t27[190] ok
2026-09-29T13:18:46Z 00O t27[191] ok
2026-09-29T13:18:46Z 00O t27[192] ok
2026-09-29T13:18:46Z 00O t27[193] ok
2026-09-29T13:18:46Z 00O t27[194] ok
2026-09-29T13:18:46Z 00O t27[195] ok
2026-09-29T13:18:47Z 00O t27[196] ok
2026-09-29T13:18:47Z 00O t27[197] ok
2026-09-29T13:18:47Z 00O t27[198] ok
2026-09-29T13:18:47Z 00O t27[199] ok
2026-09-29T13:18:47Z 00O t28[000] ok
2026-09-29T13:18:48Z 00O t28[001] ok
2026-09-29T13:18:48Z 00O t28[002] ok
2026-09-29T13:18:48Z 00O t28[003] ok
2026-09-29T13:18:48Z 00O t28[004] ok
2026-09-29T13:18:48Z 00O t28[005] ok
2026-09-29T13:18:49Z 00O t28[006] ok
2026-09-29T13:18:49Z 00O t28[007] ok
2026-09-29T13:18:49Z 00O t28[008] ok
2026-09-29T13:18:49Z 00O t28[009] ok
2026-09-29T13:18:49Z 00O t28[010] ok
2026-09-29T13:18:50Z 00O t28[011] ok
2026-09-29T13:18:50Z 00O t28[012] ok
2026-09-29T13:18:50Z 00O t28[013] ok
2026-09-29T13:18:50Z 00O t28[014] ok
2026-09-29T13:18:50Z 00O t28[015] ok
2026-09-29T13:18:51Z 00O t28[016] ok
2026-09-29T13:18:51Z 00O t28[017] ok
2026-09-29T13:18:51Z 00O t28[018] ok
2026-09-29T13:18:51Z 00O t28[019] ok
2026-09-29T13:18:51Z 00O t28[020] ok
2026-09-29T13:18:52Z 00O t28[021] ok
2026-09-29T13:18:52Z 00O t28[022] ok
2026-09-29T13:18:52Z 00O t28[023] ok
2026-09-29T13:18:52Z 00O t28[024] ok
2026-09-29T13:18:52Z 00O t28[025] ok
2026-09-29T13:18:53Z 00O t28[026] ok
2026-09-29T13:18:53Z 00O t28[027] ok
2026-09-29T13:18:53Z 00O t28[028] ok
2026-09-29T13:18:53Z 00O t28[029] ok
2026-09-29T13:18:53Z 00O t28[030] ok
2026-09-29T13:18:54Z 00O t28[031] ok
2026-09-29T13:18:54Z 00O t28[032] ok
2026-09-29T13:18:54Z 00O t28[033] ok
2026-09-29T13:18:54Z 00O t28[034] ok
2026-09-29T13:18:54Z 00O t28[035] ok
2026-09-29T13:18:55Z 00O t28[036] ok
2026-09-29T13:18:55Z 00O t28[037] ok
2026-09-29T13:18:55Z 00O t28[038] ok
2026-09-29T13:18:55Z 00O t28[039] ok
2026-09-29T13:18:55Z 00O t28[040] ok
2026-09-29T13:18:56Z 00O t28[041] ok
2026-09-29T13:18:56Z 00O t28[042] ok
2026-09-29T13:18:56Z 00O t28[043] ok
2026-09-29T13:18:56Z 00O t28[044] ok
2026-09-29T13:18:56Z 00O t28[045] ok
2026-09-29T13:18:57Z 00O t28[046] ok
2026-09-29T13:18:57Z 00O t28[047] ok
2026-09-29T13:18:57Z 00O t28[048] ok
2026-09-29T13:18:57Z 00O t28[049] ok
2026-09-29T13:18:57Z 00O t28[050] ok
2026-09-29T13:18:58Z 00O t28[051] ok
2026-09-29T13:18:58Z 00O t28[052] ok
2026-09-29T13:18:58Z 00O t28[053] ok
2026-09-29T13:18:58Z 00O t28[054] ok
2026-09-29T13:18:58Z 00O t28[055] ok
2026-09-29T13:18:59Z 00O t28[056] ok
2026-09-29T13:18:59Z 00O t28[057] ok
2026-09-29T13:18:59Z 00O t28[058] ok
2026-09-29T13:18:59Z 00O t28[059] ok
2026-09-29T13:18:59Z 00O t28[060] ok
2026-09-29T13:19:00Z 00O t28[061] ok
2026-09-29T13:19:00Z 00O t28[062] ok
2026-09-29T13:19:00Z 00O t28[063] ok
2026-09-29T13:19:00Z 00O t28[064] ok
2026-09-29T13:19:00Z 00O t28[065] ok
2026-09-29T13:19:01Z 00O t28[066] ok
2026-09-29T13:19:01Z 00O t28[067] ok
2026-09-29T13:19:01Z 00O t28[068] ok
2026-09-29T13:19:01Z 00O t28[069] ok
2026-09-29T13:19:01Z 00O t28[070] ok
2026-09-29T13:19:02Z 00O t28[071] ok
2026-09-29T13:19:02Z 00O t28[072] ok
2026-09-29T13:19:02Z 00O t28[073] ok
2026-09-29T13:19:02Z 00O t28[074] ok
2026-09-29T13:19:02Z 00O t28[075] ok
2026-09-29T13:19:03Z 00O t28[076] ok
2026-09-29T13:19:03Z 00O t28[077] ok
2026-09-29T13:19:03Z 00O t28[078] ok
2026-09-29T13:19:03Z 00O t28[079] ok
2026-09-29T13:19:03Z 00O t28[080] ok
2026-09-29T13:19:04Z 00O t28[081] ok
2026-09-29T13:19:04Z 00O t28[082] ok
2026-09-29T13:19:04Z 00O t28[083] ok
2026-09-29T13:19:04Z 00O t28[084] ok
2026-09-29T13:19:04Z 00O t28[085] ok
2026-09-29T13:19:05Z 00O t28[086] ok
2026-09-29T13:19:05Z 00O t28[087] ok
2026-09-29T13:19:05Z 00O t28[088] ok
2026-09-29T13:19:05Z 00O t28[089] ok
2026-09-29T13:19:05Z 00O t28[090] ok
2026-09-29T13:19:06Z 00O t28[091] ok
2026-09-29T13:19:06Z 00O t28[092] ok
2026-09-29T13:19:06Z 00O t28[093] ok
2026-09-29T13:19:06Z 00O t28[094] ok
2026-09-29T13:19:06Z 00O t28[095] ok
2026-09-29T13:19:07Z 00O t28[096] ok
2026-09-29T13:19:07Z 00O t28[097] ok
2026-09-29T13:19:07Z 00O t28[098] ok
2026-09-29T13:19:07Z 00O t28[099] ok
2026-09-29T13:19:07Z 00O t28[100] ok
2026-09-29T13:19:08Z 00O t28[101] ok
2026-09-29T13:19:08Z 00O t28[102] ok
2026-09-29T13:19:08Z 00O t28[103] ok
2026-09-29T13:19:08Z 00O t28[104] ok
2026-09-29T13:19:08Z 00O t28[105] ok
2026-09-29T13:19:09Z 00O t28[106] ok
2026-09-29T13:19:09Z 00O t28[107] ok
2026-09-29T13:19:09Z 00O t28[108] ok
2026-09-29T13:19:09Z 00O t28[109] ok
2026-09-29T13:19:09Z 00O t28[110] ok
2026-09-29T13:19:10Z 00O t28[111] ok
2026-09-29T13:19:10Z 00O t28[112] ok
2026-09-29T13:19:10Z 00O t28[113] ok
2026-09-29T13:19:10Z 00O t28[114] ok
2026-09-29T13:19:10Z 00O t28[115] ok
2026-09-29T13:19:11Z 00O t28[116] ok
2026-09-29T13:19:11Z 00O t28[117] ok
2026-09-29T13:19:11Z 00O t28[118] ok
2026-09-29T13:19:11Z 00O t28[119] ok
2026-09-29T13:19:11Z 00O t28[120] ok
2026-09-29T13:19:12Z 00O t28[121] ok
2026-09-29T13:19:12Z 00O t28[122] ok
2026-09-29T13:19:12Z 00O t28[123] ok
2026-09-29T13:19:12Z 00O t28[124] ok
2026-09-29T13:19:12Z 00O t28[125] ok
2026-09-29T13:19:13Z 00O t28[126] ok
2026-09-29T13:19:13Z 00O t28[127] ok
2026-09-29T13:19:13Z 00O t28[128] ok
2026-09-29T13:19:13Z 00O t28[129] ok
2026-09-29T13:19:13Z 00O t28[130] ok
2026-09-29T13:19:14Z 00O t28[131] ok
2026-09-29T13:19:14Z 00O t28[132] ok
2026-09-29T13:19:14Z 00O t28[133] ok
2026-09-29T13:19:14Z 00O t28[134] ok
2026-09-29T13:19:14Z 00O t28[135] ok
2026-09-29T13:19:15Z 00O t28[136] ok
2026-09-29T13:19:15Z 00O t28[137] ok
2026-09-29T13:19:15Z 00O t28[138] ok
2026-09-29T13:19:15Z 00O t28[139] ok
2026-09-29T13:19:15Z 00O t28[140] ok
2026-09-29T13:19:16Z 00O t28[141] ok
2026-09-29T13:19:16Z 00O t28[142] ok
2026-09-29T13:19:16Z 00O t28[143] ok
2026-09-29T13:19:16Z 00O t28[144] ok
2026-09-29T13:19:16Z 00O t28[145] ok
2026-09-29T13:19:17Z 00O t28[146] ok
2026-09-29T13:19:17Z 00O t28[147] ok
2026-09-29T13:19:17Z 00O t28[148] ok
2026-09-29T13:19:17Z 00O t28[149] ok
2026-09-29T13:19:17Z 00O t28[150] ok
2026-09-29T13:19:18Z 00O t28[151] ok
2026-09-29T13:19:18Z 00O t28[152] ok
2026-09-29T13:19:18Z 00O t28[153] ok
2026-09-29T13:19:18Z 00O t28[154] ok
2026-09-29T13:19:18Z 00O t28[155] ok
2026-09-29T13:19:19Z 00O t28[156] ok
2026-09-29T13:19:19Z 00O t28[157] ok
2026-09-29T13:19:19Z 00O t28[158] ok
2026-09-29T13:19:19Z 00O t28[159] ok
2026-09-29T13:19:19Z 00O t28[160] ok
2026-09-29T13:19:20Z 00O t28[161] ok
2026-09-29T13:19:20Z 00O t28[162] ok
2026-09-29T13:19:20Z 00O t28[163] ok
2026-09-29T13:19:20Z 00O t28[164] ok
2026-09-29T13:19:20Z 00O t28[165] ok
2026-09-29T13:19:21Z 00O t28[166] ok
2026-09-29T13:19:21Z 00O t28[167] ok
2026-09-29T13:19:21Z 00O t28[168] ok
2026-09-29T13:19:21Z 00O t28[169] ok
2026-09-29T13:19:21Z 00O t28[170] ok
2026-09-29T13:19:22Z 00O t28[171] ok
2026-09-29T13:19:22Z 00O t28[172] ok
2026-09-29T13:19:22Z 00O t28[173] ok
2026-09-29T13:19:22Z 00O t28[174] ok
2026-09-29T13:19:22Z 00O t28[175] ok
2026-09-29T13:19:23Z 00O t28[176] ok
2026-09-29T13:19:23Z 00O t28[177] ok
2026-09-29T13:19:23Z 00O t28[178] ok
2026-09-29T13:19:23Z 00O t28[179] ok
2026-09-29T13:19:23Z 00O t28[180] ok
2026-09-29T13:19:24Z 00O t28[181] ok
2026-09-29T13:19:24Z 00O t28[182] ok
2026-09-29T13:19:24Z 00O t28[183] ok
2026-09-29T13:19:24Z 00O t28[184] ok
2026-09-29T13:19:24Z 00O t28[185] ok
2026-09-29T13:19:25Z 00O t28[186] ok
2026-09-29T13:19:25Z 00O t28[187] ok
2026-09-29T13:19:25Z 00O t28[188] ok
2026-09-29T13:19:25Z 00O t28[189] ok
2026-09-29T13:19:25Z 00O t28[190] ok
2026-09-29T13:19:26Z 00O t28[191] ok
2026-09-29T13:19:26Z 00O t28[192] ok
2026-09-29T13:19:26Z 00O t28[193] ok
2026-09-29T13:19:26Z 00O t28[194] ok
2026-09-29T13:19:26Z 00O t28[195] ok
2026-09-29T13:19:27Z 00O t28[196] ok
2026-09-29T13:19:27Z 00O t28[197] ok
2026-09-29T13:19:27Z 00O t28[198] ok
2026-09-29T13:19:27Z 00O t28[199] ok
2026-09-29T13:19:27Z 00O t29[000] ok
2026-09-29T13:19:28Z 00O t29[001] ok
2026-09-29T13:19:28Z 00O t29[002] ok
2026-09-29T13:19:28Z 00O t29[003] ok
2026-09-29T13:19:28Z 00O t29[004] ok
2026-09-29T13:19:28Z 00O t29[005] ok
2026-09-29T13:19:29Z 00O t29[006] ok
2026-09-29T13:19:29Z 00O t29[007] ok
2026-09-29T13:19:29Z 00O t29[008] ok
2026-09-29T13:19:29Z 00O t29[009] ok
2026-09-29T13:19:29Z 00O t29[010] ok
2026-09-29T13:19:30Z 00O t29[011] ok
2026-09-29T13:19:30Z 00O t29[012] ok
2026-09-29T13:19:30Z 00O t29[013] ok
2026-09-29T13:19:30Z 00O t29[014] ok
2026-09-29T13:19:30Z 00O t29[015] ok
2026-09-29T13:19:31Z 00O t29[016] ok
2026-09-29T13:19:31Z 00O t29[017] ok
2026-09-29T13:19:31Z 00O t29[018] ok
2026-09-29T13:19:31Z 00O t29[019] ok
2026-09-29T13:19:31Z 00O t29[020] ok
2026-09-29T13:19:32Z 00O t29[021] ok
2026-09-29T13:19:32Z 00O t29[022] ok
2026-09-29T13:19:32Z 00O t29[023] ok
2026-09-29T13:19:32Z 00O t29[024] ok
2026-09-29T13:19:32Z 00O t29[025] ok
2026-09-29T13:19:33Z 00O t29[026] ok
2026-09-29T13:19:33Z 00O t29[027] ok
2026-09-29T13:19:33Z 00O t29[028] ok
2026-09-29T13:19:33Z 00O t29[029] ok
2026-09-29T13:19:33Z 00O t29[030] ok
2026-09-29T13:19:34Z 00O t29[031] ok
2026-09-29T13:19:34Z 00O t29[032] ok
2026-09-29T13:19:34Z 00O t29[033] ok
2026-09-29T13:19:34Z 00O t29[034] ok
2026-09-29T13:19:34Z 00O t29[035] ok
2026-09-29T13:19:35Z 00O t29[036] ok
2026-09-29T13:19:35Z 00O t29[037] ok
2026-09-29T13:19:35Z 00O t29[038] ok
2026-09-29T13:19:35Z 00O t29[039] ok
2026-09-29T13:19:35Z 00O t29[040] ok
2026-09-29T13:19:36Z 00O t29[041] ok
2026-09-29T13:19:36Z 00O t29[042] ok
2026-09-29T13:19:36Z 00O t29[043] ok
2026-09-29T13:19:36Z 00O t29[044] ok
2026-09-29T13:19:36Z 00O t29[045] ok
2026-09-29T13:19:37Z 00O t29[046] ok
2026-09-29T13:19:37Z 00O t29[047] ok
2026-09-29T13:19:37Z 00O t29[048] ok
2026-09-29T13:19:37Z 00O t29[049] ok
2026-09-29T13:19:37Z 00O t29[050] ok
2026-09-29T13:19:38Z 00O t29[051] ok
2026-09-29T13:19:38Z 00O t29[052] ok
2026-09-29T13:19:38Z 00O t29[053] ok
2026-09-29T13:19:38Z 00O t29[054] ok
2026-09-29T13:19:38Z 00O t29[055] ok
2026-09-29T13:19:39Z 00O t29[056] ok
2026-09-29T13:19:39Z 00O t29[057] ok
2026-09-29T13:19:39Z 00O t29[058] ok
2026-09-29T13:19:39Z 00O t29[059] ok
2026-09-29T13:19:39Z 00O t29[060] ok
2026-09-29T13:19:40Z 00O t29[061] ok
2026-09-29T13:19:40Z 00O t29[062] ok
2026-09-29T13:19:40Z 00O t29[063] ok
2026-09-29T13:19:40Z 00O t29[064] ok
2026-09-29T13:19:40Z 00O t29[065] ok
2026-09-29T13:19:41Z 00O t29[066] ok
2026-09-29T13:19:41Z 00O t29[067] ok
2026-09-29T13:19:41Z 00O t29[068] ok
2026-09-29T13:19:41Z 00O t29[069] ok
2026-09-29T13:19:41Z 00O t29[070] ok
2026-09-29T13:19:42Z 00O t29[071] ok
2026-09-29T13:19:42Z 00O t29[072] ok
2026-09-29T13:19:42Z 00O t29[073] ok
2026-09-29T13:19:42Z 00O t29[074] ok
2026-09-29T13:19:42Z 00O t29[075] ok
2026-09-29T13:19:43Z 00O t29[076] ok
2026-09-29T13:19:43Z 00O t29[077] ok
2026-09-29T13:19:43Z 00O t29[078] ok
2026-09-29T13:19:43Z 00O t29[079] ok
2026-09-29T13:19:43Z 00O t29[080] ok
2026-09-29T13:19:44Z 00O t29[081] ok
2026-09-29T13:19:44Z 00O t29[082] ok
2026-09-29T13:19:44Z 00O t29[083] ok
2026-09-29T13:19:44Z 00O t29[084] ok
2026-09-29T13:19:44Z 00O t29[085] ok
2026-09-29T13:19:45Z 00O t29[086] ok
2026-09-29T13:19:45Z 00O t29[087] ok
2026-09-29T13:19:45Z 00O t29[088] ok
2026-09-29T13:19:45Z 00O t29[089] ok
2026-09-29T13:19:45Z 00O t29[090] ok
2026-09-29T13:19:46Z 00O t29[091] ok
2026-09-29T13:19:46Z 00O t29[092] ok
2026-09-29T13:19:46Z 00O t29[093] ok
2026-09-29T13:19:46Z 00O t29[094] ok
2026-09-29T13:19:46Z 00O t29[095] ok
2026-09-29T13:19:47Z 00O t29[096] ok
2026-09-29T13:19:47Z 00O t29[097] ok
2026-09-29T13:19:47Z 00O t29[098] ok
2026-09-29T13:19:47Z 00O t29[099] ok
2026-09-29T13:19:47Z 00O t29[100] ok
2026-09-29T13:19:48Z 00O t29[101] ok
2026-09-29T13:19:48Z 00O t29[102] ok
2026-09-29T13:19:48Z 00O t29[103] ok
2026-09-29T13:19:48Z 00O t29[104] ok
2026-09-29T13:19:48Z 00O t29[105] ok
2026-09-29T13:19:49Z 00O t29[106] ok
2026-09-29T13:19:49Z 00O t29[107] ok
2026-09-29T13:19:49Z 00O t29[108] ok
2026-09-29T13:19:49Z 00O t29[109] ok
2026-09-29T13:19:49Z 00O t29[110] ok
2026-09-29T13:19:50Z 00O t29[111] ok
2026-09-29T13:19:50Z 00O t29[112] ok
2026-09-29T13:19:50Z 00O t29[113] ok
2026-09-29T13:19:50Z 00O t29[114] ok
2026-09-29T13:19:50Z 00O t29[115] ok
2026-09-29T13:19:51Z 00O t29[116] ok
2026-09-29T13:19:51Z 00O t29[117] ok
2026-09-29T13:19:51Z 00O t29[118] ok
2026-09-29T13:19:51Z 00O t29[119] ok
2026-09-29T13:19:51Z 00O t29[120] ok
2026-09-29T13:19:52Z 00O t29[121] ok
2026-09-29T13:19:52Z 00O t29[122] ok
2026-09-29T13:19:52Z 00O t29[123] ok
2026-09-29T13:19:52Z 00O t29[124] ok
2026-09-29T13:19:52Z 00O t29[125] ok
2026-09-29T13:19:53Z 00O t29[126] ok
2026-09-29T13:19:53Z 00O t29[127] ok
2026-09-29T13:19:53Z 00O t29[128] ok
2026-09-29T13:19:53Z 00O t29[129] ok
2026-09-29T13:19:53Z 00O t29[130] ok
2026-09-29T13:19:54Z 00O t29[131] ok
2026-09-29T13:19:54Z 00O t29[132] ok
2026-09-29T13:19:54Z 00O t29[133] ok
2026-09-29T13:19:54Z 00O t29[134] ok
2026-09-29T13:19:54Z 00O t29[135] ok
2026-09-29T13:19:55Z 00O t29[136] ok
2026-09-29T13:19:55Z 00O t29[137] ok
2026-09-29T13:19:55Z 00O t29[138] ok
2026-09-29T13:19:55Z 00O t29[139] ok
2026-09-29T13:19:55Z 00O t29[140] ok
2026-09-29T13:19:56Z 00O t29[141] ok
2026-09-29T13:19:56Z 00O t29[142] ok
2026-09-29T13:19:56Z 00O t29[143] ok
2026-09-29T13:19:56Z 00O t29[144] ok
2026-09-29T13:19:56Z 00O t29[145] ok
2026-09-29T13:19:57Z 00O t29[146] ok
2026-09-29T13:19:57Z 00O t29[147] ok
2026-09-29T13:19:57Z 00O t29[148] ok
2026-09-29T13:19:57Z 00O t29[149] ok
2026-09-29T13:19:57Z 00O t29[150] ok
2026-09-29T13:19:58Z 00O t29[151] ok
2026-09-29T13:19:58Z 00O t29[152] ok
2026-09-29T13:19:58Z 00O t29[153] ok
2026-09-29T13:19:58Z 00O t29[154] ok
2026-09-29T13:19:58Z 00O t29[155] ok
2026-09-29T13:19:59Z 00O t29[156] ok
2026-09-29T13:19:59Z 00O t29[157] ok
2026-09-29T13:19:59Z 00O t29[158] ok
2026-09-29T13:19:59Z 00O t29[159] ok
2026-09-29T13:19:59Z 00O t29[160] ok
2026-09-29T13:20:00Z 00O t29[161] ok
2026-09-29T13:20:00Z 00O t29[162] ok
2026-09-29T13:20:00Z 00O t29[163] ok
2026-09-29T13:20:00Z 00O t29[164] ok
2026-09-29T13:20:00Z 00O t29[165] ok
2026-09-29T13:20:01Z 00O t29[166] ok
2026-09-29T13:20:01Z 00O t29[167] ok
2026-09-29T13:20:01Z 00O t29[168] ok
2026-09-29T13:20:01Z 00O t29[169] ok
2026-09-29T13:20:01Z 00O t29[170] ok
2026-09-29T13:20:02Z 00O t29[171] ok
2026-09-29T13:20:02Z 00O t29[172] ok
2026-09-29T13:20:02Z 00O t29[173] ok
2026-09-29T13:20:02Z 00O t29[174] ok
2026-09-29T13:20:02Z 00O t29[175] ok
2026-09-29T13:20:03Z 00O t29[176] ok
2026-09-29T13:20:03Z 00O t29[177] ok
2026-09-29T13:20:03Z 00O t29[178] ok
2026-09-29T13:20:03Z 00O t29[179] ok
2026-09-29T13:20:03Z 00O t29[180] ok
2026-09-29T13:20:04Z 00O t29[181] ok
2026-09-29T13:20:04Z 00O t29[182] ok
2026-09-29T13:20:04.688218Z 00O   DeprecationWarning: error_bad_lines is deprecated; use on_bad_lines instead
2026-09-29T13:20:04Z 00O t29[183] ok
2026-09-29T13:20:04Z 00O t29[184] ok
2026-09-29T13:20:05Z 00O t29[185] ok
2026-09-29T13:20:05Z 00O t29[186] ok
2026-09-29T13:20:05Z 00O t29[187] ok
2026-09-29T13:20:05Z 00O t29[188] ok
2026-09-29T13:20:05Z 00O t29[189] ok
2026-09-29T13:20:06Z 00O t29[190] ok
2026-09-29T13:20:06Z 00O t29[191] ok
2026-09-29T13:20:06Z 00O t29[192] ok
2026-09-29T13:20:06Z 00O t29[193] ok
2026-09-29T13:20:06Z 00O t29[194] ok
2026-09-29T13:20:07Z 00O t29[195] ok
2026-09-29T13:20:07Z 00O t29[196] ok
2026-09-29T13:20:07Z 00O t29[197] ok
2026-09-29T13:20:07Z 00O t29[198] ok
2026-09-29T13:20:07Z 00O t29[199] ok
2026-09-29T13:20:08Z 00O t30[000] ok
2026-09-29T13:20:08Z 00O t30[001] ok
2026-09-29T13:20:08Z 00O t30[002] ok
2026-09-29T13:20:08Z 00O t30[003] ok
2026-09-29T13:20:08Z 00O t30[004] ok
2026-09-29T13:20:09Z 00O t30[005] ok
2026-09-29T13:20:09Z 00O t30[006] ok
2026-09-29T13:20:09Z 00O t30[007] ok
2026-09-29T13:20:09Z 00O t30[008] ok
2026-09-29T13:20:09Z 00O t30[009] ok
2026-09-29T13:20:10Z 00O t30[010] ok
2026-09-29T13:20:10Z 00O t30[011] ok
2026-09-29T13:20:10Z 00O t30[012] ok
2026-09-29T13:20:10Z 00O t30[013] ok
2026-09-29T13:20:10Z 00O t30[014] ok
2026-09-29T13:20:11Z 00O t30[015] ok
2026-09-29T13:20:11Z 00O t30[016] ok
2026-09-29T13:20:11Z 00O t30[017] ok
2026-09-29T13:20:11Z 00O t30[018] ok
2026-09-29T13:20:11Z 00O t30[019] ok
2026-09-29T13:20:12Z 00O t30[020] ok
2026-09-29T13:20:12Z 00O t30[021] ok
2026-09-29T13:20:12Z 00O t30[022] ok
2026-09-29T13:20:12Z 00O t30[023] ok
2026-09-29T13:20:12Z 00O t30[024] ok
2026-09-29T13:20:13Z 00O t30[025] ok
2026-09-29T13:20:13Z 00O t30[026] ok
2026-09-29T13:20:13Z 00O t30[027] ok
2026-09-29T13:20:13Z 00O t30[028] ok
2026-09-29T13:20:13Z 00O t30[029] ok
2026-09-29T13:20:14Z 00O t30[030] ok
2026-09-29T13:20:14Z 00O t30[031] ok
2026-09-29T13:20:14Z 00O t30[032] ok
2026-09-29T13:20:14Z 00O t30[033] ok
2026-09-29T13:20:14Z 00O t30[034] ok
2026-09-29T13:20:15Z 00O t30[035] ok
2026-09-29T13:20:15Z 00O t30[036] ok
2026-09-29T13:20:15Z 00O t30[037] ok
2026-09-29T13:20:15Z 00O t30[038] ok
2026-09-29T13:20:15Z 00O t30[039] ok
2026-09-29T13:20:16Z 00O t30[040] ok
2026-09-29T13:20:16Z 00O t30[041] ok
2026-09-29T13:20:16Z 00O t30[042] ok
2026-09-29T13:20:16Z 00O t30[043] ok
2026-09-29T13:20:16Z 00O t30[044] ok
2026-09-29T13:20:17Z 00O t30[045] ok
2026-09-29T13:20:17Z 00O t30[046] ok
2026-09-29T13:20:17Z 00O t30[047] ok
2026-09-29T13:20:17Z 00O t30[048] ok
2026-09-29T13:20:17Z 00O t30[049] ok
2026-09-29T13:20:18Z 00O t30[050] ok
2026-09-29T13:20:18Z 00O t30[051] ok
2026-09-29T13:20:18Z 00O t30[052] ok
2026-09-29T13:20:18Z 00O t30[053] ok
2026-09-29T13:20:18Z 00O t30[054] ok
2026-09-29T13:20:19Z 00O t30[055] ok
2026-09-29T13:20:19Z 00O t30[056] ok
2026-09-29T13:20:19Z 00O t30[057] ok
2026-09-29T13:20:19Z 00O t30[058] ok
2026-09-29T13:20:19Z 00O t30[059] ok
2026-09-29T13:20:20Z 00O t30[060] ok
2026-09-29T13:20:20Z 00O t30[061] ok
2026-09-29T13:20:20Z 00O t30[062] ok
2026-09-29T13:20:20Z 00O t30[063] ok
2026-09-29T13:20:20Z 00O t30[064] ok
2026-09-29T13:20:21Z 00O t30[065] ok
2026-09-29T13:20:21Z 00O t30[066] ok
2026-09-29T13:20:21Z 00O t30[067] ok
2026-09-29T13:20:21Z 00O t30[068] ok
2026-09-29T13:20:21Z 00O t30[069] ok
2026-09-29T13:20:22Z 00O t30[070] ok
2026-09-29T13:20:22Z 00O t30[071] ok
2026-09-29T13:20:22Z 00O t30[072] ok
2026-09-29T13:20:22Z 00O t30[073] ok
2026-09-29T13:20:22Z 00O t30[074] ok
2026-09-29T13:20:23Z 00O t30[075] ok
2026-09-29T13:20:23Z 00O t30[076] ok
2026-09-29T13:20:23Z 00O t30[077] ok
2026-09-29T13:20:23Z 00O t30[078] ok
2026-09-29T13:20:23Z 00O t30[079] ok
2026-09-29T13:20:24Z 00O t30[080] ok
2026-09-29T13:20:24Z 00O t30[081] ok
2026-09-29T13:20:24Z 00O t30[082] ok
2026-09-29T13:20:24Z 00O t30[083] ok
2026-09-29T13:20:24Z 00O t30[084] ok
2026-09-29T13:20:25Z 00O t30[085] ok
2026-09-29T13:20:25Z 00O t30[086] ok
2026-09-29T13:20:25Z 00O t30[087] ok
2026-09-29T13:20:25Z 00O t30[088] ok
2026-09-29T13:20:25Z 00O t30[089] ok
2026-09-29T13:20:26Z 00O t30[090] ok
2026-09-29T13:20:26Z 00O t30[091] ok
2026-09-29T13:20:26Z 00O t30[092] ok
2026-09-29T13:20:26Z 00O t30[093] ok
2026-09-29T13:20:26Z 00O t30[094] ok
2026-09-29T13:20:27Z 00O t30[095] ok
2026-09-29T13:20:27Z 00O t30[096] ok
2026-09-29T13:20:27Z 00O t30[097] ok
2026-09-29T13:20:27Z 00O t30[098] ok
2026-09-29T13:20:27Z 00O t30[099] ok
2026-09-29T13:20:28Z 00O t30[100] ok
2026-09-29T13:20:28Z 00O t30[101] ok
2026-09-29T13:20:28Z 00O t30[102] ok
2026-09-29T13:20:28Z 00O t30[103] ok
2026-09-29T13:20:28Z 00O t30[104] ok
2026-09-29T13:20:29Z 00O t30[105] ok
2026-09-29T13:20:29Z 00O t30[106] ok
2026-09-29T13:20:29Z 00O t30[107] ok
2026-09-29T13:20:29Z 00O t30[108] ok
2026-09-29T13:20:29Z 00O t30[109] ok
2026-09-29T13:20:30Z 00O t30[110] ok
2026-09-29T13:20:30Z 00O t30[111] ok
2026-09-29T13:20:30Z 00O t30[112] ok
2026-09-29T13:20:30Z 00O t30[113] ok
2026-09-29T13:20:30Z 00O t30[114] ok
2026-09-29T13:20:31Z 00O t30[115] ok
2026-09-29T13:20:31Z 00O t30[116] ok
2026-09-29T13:20:31Z 00O t30[117] ok
2026-09-29T13:20:31Z 00O t30[118] ok
2026-09-29T13:20:31Z 00O t30[119] ok
2026-09-29T13:20:32Z 00O t30[120] ok
2026-09-29T13:20:32Z 00O t30[121] ok
2026-09-29T13:20:32Z 00O t30[122] ok
2026-09-29T13:20:32Z 00O t30[123] ok
2026-09-29T13:20:32Z 00O t30[124] ok
2026-09-29T13:20:33Z 00O t30[125] ok
2026-09-29T13:20:33Z 00O t30[126] ok
2026-09-29T13:20:33Z 00O t30[127] ok
2026-09-29T13:20:33Z 00O t30[128] ok
2026-09-29T13:20:33Z 00O t30[129] ok
2026-09-29T13:20:34Z 00O t30[130] ok
2026-09-29T13:20:34Z 00O t30[131] ok
2026-09-29T13:20:34Z 00O t30[132] ok
2026-09-29T13:20:34Z 00O t30[133] ok
2026-09-29T13:20:34Z 00O t30[134] ok
2026-09-29T13:20:35Z 00O t30[135] ok
2026-09-29T13:20:35Z 00O t30[136] ok
2026-09-29T13:20:35Z 00O t30[137] ok
2026-09-29T13:20:35Z 00O t30[138] ok
2026-09-29T13:20:35Z 00O t30[139] ok
2026-09-29T13:20:36Z 00O t30[140] ok
2026-09-29T13:20:36Z 00O t30[141] ok
2026-09-29T13:20:36Z 00O t30[142] ok
2026-09-29T13:20:36Z 00O t30[143] ok
2026-09-29T13:20:36Z 00O t30[144] ok
2026-09-29T13:20:37Z 00O t30[145] ok
2026-09-29T13:20:37Z 00O t30[146] ok
2026-09-29T13:20:37Z 00O t30[147] ok
2026-09-29T13:20:37Z 00O t30[148] ok
2026-09-29T13:20:37Z 00O t30[149] ok
2026-09-29T13:20:38Z 00O t30[150] ok
2026-09-29T13:20:38Z 00O t30[151] ok
2026-09-29T13:20:38Z 00O t30[152] ok
2026-09-29T13:20:38Z 00O t30[153] ok
2026-09-29T13:20:38Z 00O t30[154] ok
2026-09-29T13:20:39Z 00O t30[155] ok
2026-09-29T13:20:39Z 00O t30[156] ok
2026-09-29T13:20:39Z 00O t30[157] ok
2026-09-29T13:20:39Z 00O t30[158] ok
2026-09-29T13:20:39Z 00O t30[159] ok
2026-09-29T13:20:40Z 00O t30[160] ok
2026-09-29T13:20:40Z 00O t30[161] ok
2026-09-29T13:20:40Z 00O t30[162] ok
2026-09-29T13:20:40Z 00O t30[163] ok
2026-09-29T13:20:40Z 00O t30[164] ok
2026-09-29T13:20:41Z 00O t30[165] ok
2026-09-29T13:20:41Z 00O t30[166] ok
2026-09-29T13:20:41Z 00O t30[167] ok
2026-09-29T13:20:41Z 00O t30[168] ok
2026-09-29T13:20:41Z 00O t30[169] ok
2026-09-29T13:20:42Z 00O t30[170] ok
2026-09-29T13:20:42Z 00O t30[171] ok
2026-09-29T13:20:42Z 00O t30[172] ok
2026-09-29T13:20:42Z 00O t30[173] ok
2026-09-29T13:20:42Z 00O t30[174] ok
2026-09-29T13:20:43Z 00O t30[175] ok
2026-09-29T13:20:43Z 00O t30[176] ok
2026-09-29T13:20:43Z 00O t30[177] ok
2026-09-29T13:20:43Z 00O t30[178] ok
2026-09-29T13:20:43Z 00O t30[179] ok
2026-09-29T13:20:44Z 00O t30[180] ok
2026-09-29T13:20:44Z 00O t30[181] ok
2026-09-29T13:20:44Z 00O t30[182] ok
2026-09-29T13:20:44Z 00O t30[183] ok
2026-09-29T13:20:44Z 00O t30[184] ok
2026-09-29T13:20:45Z 00O t30[185] ok
2026-09-29T13:20:45Z 00O t30[186] ok
2026-09-29T13:20:45Z 00O t30[187] ok
2026-09-29T13:20:45Z 00O t30[188] ok
2026-09-29T13:20:45Z 00O t30[189] ok
2026-09-29T13:20:46Z 00O t30[190] ok
2026-09-29T13:20:46Z 00O t30[191] ok
2026-09-29T13:20:46Z 00O t30[192] ok
2026-09-29T13:20:46Z 00O t30[193] ok
2026-09-29T13:20:46Z 00O t30[194] ok
2026-09-29T13:20:47Z 00O t30[195] ok
2026-09-29T13:20:47Z 00O t30[196] ok
2026-09-29T13:20:47Z 00O t30[197] ok
2026-09-29T13:20:47Z 00O t30[198] ok
2026-09-29T13:20:47Z 00O t30[199] ok
2026-09-29T13:20:48.414560Z 00O /scripts-512-90303/step_script: line 214:   312 Killed                  python -m pytest tests/integration -v -p no:cacheprovider
2026-09-29T13:20:48.422479Z 00O section_end:1759151690:step_script[0K
2026-09-29T13:20:48.430398Z 00O section_start:1759151690:cleanup_file_variables[0K[0K[36;1mCleaning up project directory and file based variables[0;m[0;m
2026-09-29T13:20:48.438317Z 00O section_end:1759151691:cleanup_file_variables[0K
2026-09-29T13:20:48.446236Z 00O [31;1mERROR: Job failed: exit code 137
2026-09-29T13:20:49.454155Z 00O [0;m
